-- MySQL dump 10.13  Distrib 5.1.50, for Win32 (ia32)
--
-- Host: localhost    Database: lurbana
-- ------------------------------------------------------
-- Server version	5.1.50-community

/*!40101 SET @OLD_CHARACTER_SET_CLIENT=@@CHARACTER_SET_CLIENT */;
/*!40101 SET @OLD_CHARACTER_SET_RESULTS=@@CHARACTER_SET_RESULTS */;
/*!40101 SET @OLD_COLLATION_CONNECTION=@@COLLATION_CONNECTION */;
/*!40101 SET NAMES utf8 */;
/*!40103 SET @OLD_TIME_ZONE=@@TIME_ZONE */;
/*!40103 SET TIME_ZONE='+00:00' */;
/*!40014 SET @OLD_UNIQUE_CHECKS=@@UNIQUE_CHECKS, UNIQUE_CHECKS=0 */;
/*!40014 SET @OLD_FOREIGN_KEY_CHECKS=@@FOREIGN_KEY_CHECKS, FOREIGN_KEY_CHECKS=0 */;
/*!40101 SET @OLD_SQL_MODE=@@SQL_MODE, SQL_MODE='NO_AUTO_VALUE_ON_ZERO' */;
/*!40111 SET @OLD_SQL_NOTES=@@SQL_NOTES, SQL_NOTES=0 */;

--
-- Table structure for table `adm_clientes`
--

DROP TABLE IF EXISTS `adm_clientes`;
/*!40101 SET @saved_cs_client     = @@character_set_client */;
/*!40101 SET character_set_client = utf8 */;
CREATE TABLE `adm_clientes` (
  `CODIGO_CLIENTE` int(11) NOT NULL AUTO_INCREMENT,
  `ESTADO_CLIENTE` char(1) NOT NULL,
  `CODIGO_PERSONA` int(11) NOT NULL,
  PRIMARY KEY (`CODIGO_CLIENTE`)
) ENGINE=InnoDB AUTO_INCREMENT=79 DEFAULT CHARSET=latin1;
/*!40101 SET character_set_client = @saved_cs_client */;

--
-- Dumping data for table `adm_clientes`
--

LOCK TABLES `adm_clientes` WRITE;
/*!40000 ALTER TABLE `adm_clientes` DISABLE KEYS */;
INSERT INTO `adm_clientes` VALUES (1,'A',1),(2,'A',2),(3,'A',3),(4,'A',4),(5,'A',5),(6,'A',6),(7,'A',7),(8,'A',8),(9,'A',9),(10,'A',10),(11,'A',11),(12,'A',12),(13,'A',13),(14,'A',14),(15,'A',15),(16,'A',20),(17,'A',21),(18,'A',22),(19,'A',24),(20,'A',25),(21,'A',26),(22,'A',27),(23,'A',28),(24,'A',29),(25,'A',30),(26,'A',31),(27,'A',32),(28,'A',33),(29,'A',34),(30,'A',35),(31,'A',36),(32,'A',37),(33,'A',38),(34,'A',39),(35,'A',40),(36,'A',41),(37,'A',43),(38,'A',44),(39,'A',45),(40,'A',46),(41,'A',47),(42,'A',48),(43,'A',49),(44,'A',50),(45,'A',51),(46,'A',52),(47,'A',53),(48,'A',54),(49,'A',55),(50,'A',56),(51,'A',57),(52,'A',58),(53,'A',59),(54,'A',60),(55,'A',61),(56,'A',62),(57,'A',63),(58,'A',64),(59,'A',65),(60,'A',66),(61,'A',67),(62,'A',68),(63,'A',69),(64,'A',70),(65,'A',71),(66,'A',72),(67,'A',73),(68,'A',74),(69,'A',75),(70,'A',76),(71,'A',77),(72,'A',78),(73,'A',79),(74,'A',80),(75,'A',81),(76,'A',82),(77,'A',83),(78,'A',84);
/*!40000 ALTER TABLE `adm_clientes` ENABLE KEYS */;
UNLOCK TABLES;

--
-- Table structure for table `adm_personas`
--

DROP TABLE IF EXISTS `adm_personas`;
/*!40101 SET @saved_cs_client     = @@character_set_client */;
/*!40101 SET character_set_client = utf8 */;
CREATE TABLE `adm_personas` (
  `CODIGO_PERSONA` int(11) NOT NULL AUTO_INCREMENT,
  `DESCRIPCION_PERSONA` varchar(100) NOT NULL,
  `NRO_DOCUMENTO_PERSONA` int(11) NOT NULL,
  `RUC_PERSONA` varchar(100) NOT NULL,
  `TELEFONO_PERSONA` varchar(100) NOT NULL,
  `CELULAR_PERSONA` varchar(12) DEFAULT NULL,
  `EMAIL_PERSONA` varchar(100) NOT NULL,
  `ENVIAR_EMAIL` varchar(2) NOT NULL DEFAULT 'S',
  `DIRECCION_PERSONA` varchar(100) NOT NULL,
  `REFERENCIA_PERSONA` varchar(100) DEFAULT NULL,
  `CODIGO_GESTOR_ASIGNADO` int(11) DEFAULT '0',
  `CODIGO_CIUDAD` int(11) NOT NULL,
  `CODIGO_BARRIO` int(11) NOT NULL,
  PRIMARY KEY (`CODIGO_PERSONA`)
) ENGINE=InnoDB AUTO_INCREMENT=85 DEFAULT CHARSET=latin1;
/*!40101 SET character_set_client = @saved_cs_client */;

--
-- Dumping data for table `adm_personas`
--

LOCK TABLES `adm_personas` WRITE;
/*!40000 ALTER TABLE `adm_personas` DISABLE KEYS */;
INSERT INTO `adm_personas` VALUES (1,'Lilian Diana Delgado Lopez',2499085,'2499085-0','0982636733','0982636733','innovartemarket@gmail.com','S','Tatyiba 1646 c/ Morelos','Barrio Obrero',0,1,1),(2,'Ingrid Villalba',2390514,'2390514','0981400455','0981400455','ivprensa@gmail.com','S','Vicente Flores 910','A dos cuadras de la casa vieja de Strosner',0,1,1),(3,'Veronica Meyer Frutos',1356154,'1356154-0','282557','0981407063','veromeyer@gmail.com','S','Marcelino Ayala 2024','Al costado de IPS central',0,1,1),(4,'Macarena Galindo - Fuera de Foco',4624023,'80081452-5','442901','0981426859','maca@fueradefoco.com.py','S','13 Proyectadas c/ Brasil','Barrio Obrero',0,1,1),(5,'Eduardo Saccomani',1514483,'1514483-6','0981564176','0981268603','dreduardo_saccomani@hotmail.com','S','Asuncion 1318 c/ Yataity Cora','Lambare',0,1,1),(6,'Eduardo Bobadilla',1871962,'1871962-7','2488000','0981223790','edubob@hotmail.com','S','Rio de Janeiro y Rosa peña','Vista Alegre',0,1,1),(7,'Andres Ferrari',1111,'1111','0981847373','0981847373','aferrari@imagen.com.py','S','Caquique Lambare y dr. Luis Maria Argaña','Lambare',0,1,1),(8,'Lilian Magnelia',1111,'80061823-8','0981440115','0981440115','lilian.magnelia@merge.com.py','S','Tracking','Tracking',0,1,1),(9,'Celia Meyer',1871620,'1871620-2','0971130035','0971130035','cmeyerfrutos@gmail.com','S','Santa Rosa c/ España','Avda España',0,1,1),(10,'Chiche Corte',1111,'1111','0974199001','0981199001','chichecorte@gmail.com','S','Avda. Peron y Concepcion Yegros','Al  lado de caracol',0,1,1),(11,'Activamente S.R.L',80066830,'80066830-8','672671','0982885248','laura@activamente.com.py','S','Marcelino Ayala  2016 e/ Gomez de la Fuente','IPS central',0,1,1),(12,'Andres Parcerisa',915801,'915801-4','291104','0981811700','andyparce@gmail.com','S','Rio Apa e/ Yegros','Plaza',0,1,1),(13,'Adolfina Cabrera',83985,'83985-7','291104','0985501502','ami@activamente.com.py','S','Rio Apa e/ Yegros','Plazita',0,1,1),(14,'Gaspar Cabrera',1960404,'1960404-1','0985438057','0985438057','gaspar@activamente.com.py','S','Rio Apara e/ Sarabi','A una cuadra de Dylan',0,1,1),(15,'DAP  Desarrollo Agricola del Paraguay S.A',2875921,'80029592-7','208450','208450','gmartinez@dap.com.py','S','Avda. España 2045e/ Luis Morales','Avda España 2045',0,1,1),(16,'Gilberto Diaz Alfonso',3591205,'11111','0985514252',NULL,'gilberto@sansolucion.com.py','S','Coronel Bogado y Mcal. Estigarribia',NULL,0,1,1),(17,'Antonio Vera',3995304,'3995304-1','0985514013',NULL,'antonio@sansolucion.com.py','S','Calle Hernandarias Escuela 860',NULL,0,1,1),(18,'Cristhian Ramirez',2192625,'1111','0985112635',NULL,'cristian@sansolucion.com.py','S','Rio Tebycuary 2171',NULL,0,1,1),(19,'Samuel Benitez',4983762,'1111','0983541515',NULL,'samuel@sansolucion.com.py','S','Fracción ciudad Villa Jardín 3',NULL,0,1,1),(20,'Prueba Cliente',1234567,'123456-1','123456','123456','v.ivangomez@gmail.com','S','cliente de prueba','cliente de prueba',5,1,1),(21,'Nelson Martinez (ENEGE)',1111,'80054526-5','0981369083','0981369083','n.martinez@enege.com.py','S','22 de setiembre 790 c/ Herrera y Herminio Gimenez','22 de setiembre',0,1,1),(22,'Margalida Peralta',2256005,'11111','1111','0984132139','magalipf@gmail.com','S','Santa cruz e/ Azara Celsa Esperati','Celsa Esperati',0,1,1),(23,'Prueba asistente',123456,'123456-7','123456',NULL,'diegoalta@gmail.com','S','asistente de prueba',NULL,0,1,1),(24,'Fiorella Arzalaconich',11111,'11111','1111','0985386527','fiorellaarzalaconich@hotmail.com','N','Sargerto Morel 390 e/ Caracas','Caracas',0,1,1),(25,'Cta. Hermanos',1111,'1111','680480','0982885248','laura@activamente.com.py','S','Marcelino Ayala e/ Gomez de la Fuente','IPS Central',0,1,1),(26,'Parpack',11111,'11111','0983337207','0983337207','administracion1@parpack.com.py','S','Víctor Idoyaga No. 4931 e/ Roque González y Gral. Eduardo Torreani','Eduardo Torreani',0,1,1),(27,'Carlos Rojas (Gentileza)',1111,'1111','0981576110','0981576110','carlosrojas@interartis.com.py','S','República de Colomia 470 e/  Caballero y Mexico','Caballero y Mexico',0,1,1),(28,'Hábitat',1111,'1111','0985632565','0985632565','ro3084@hotmail.com','S','Sgto. Primero Tomás Lombardo Nº 352 c/Ambay Bº Loma Pytá,','Bº Loma Pytá,',0,1,1),(29,'Fao Paraguay',1111,'168','0981922215','0981922215','fabiola.alcorta@fao.org','S','Calle Ciencias veterinarias','Edificio del Ministro',0,1,1),(30,'Compañia Paraguaya de Granos S. A',1111,'80071372-9','213403','0994151188','info@copagra.com.py','S','Gral. Santos y Concordia Complejo Santos','Complejo Santos',0,1,1),(31,'Carmes Salinas (Gentileza)',1179470,'1111','664045','0991842013','carmen@printoos.com','S','Gomez de castro 352','Gomez de castro 352',0,1,1),(32,'Lurbana S.A',80085881,'80085881-6','0212377777','0982885248','gaspar@activamente.com.py','S','Marcelino Ayala 2016','IPS central',4,1,1),(33,'Tracking',11111,'11111','3285587','0981101012','comunicacion@tracking.com.py','S','Cruz del Defensor','Villa Morra',0,1,1),(34,'Carlos Linares García',1111,'1111','422015','0981546576','cealinares@gmail.com','S','Manduvirá 1186 e/ Don Bosco','Don Bosco',0,1,1),(35,'MICRONAL INSTRUMENTOS DE PRECISION S.A.',1111,'1111','446503','0986 755 361','diosnel.benitez@micronalsa.com.py','S','15 de Agosto 818 e/ Humaitá y Piribebuy','15 de Agosto 818 e/ Humaitá y Piribebuy',3,1,1),(36,'Unicef',1111,'1111','611007','0981942148','dbrom@unicef.org','S','avenida Mariscal López esq. Saraví - Edificio Naciones','Avda. Mcal Lopez',0,1,1),(37,'Mambo S.A',1111,'80080876-2','559 388','0981475901','renato.pomata@mambo.com.py','S','Carios casi Lapacho, Carios 1917','Asunción 1906',0,1,1),(38,'Wines and Spirits S.A.  (Ricardo Gauto)',1111,'80039245-0','0981830764','0981830764','ricardo.gauto@winesandspirits.com.py','S','Avenida Aviadores del Chaco, Asunción','Detras de Gloria',0,1,1),(39,'Hector Duarte',1838133,'1838133','061511501','0981846847','duartecoscia@hotmail.com','S','CDE','cde',0,1,1),(40,'Lilian Maneglia (HRS Relocation)',1111,'1111','0981440115','0981440115','lilian.maneglia@merge.com.py','S','Cruz del Defensor','Cruz del Defensor',0,1,1),(41,'Alan Rodgers',1111,'1111','623 423','0981273945','administracion@parpack.com.py','S','Víctor Idoyaga No. 4931 e/ Roque González y Gral. Eduardo Torreani','Gral. Eduardo Torreani',0,1,1),(42,'Isabelino Mereles',4434751,'4434751','0982468571',NULL,'isabelino@sansolucion.com.py','S','Avda. Santisima Trinidad',NULL,0,1,1),(43,'Documenta S.A',1111,'111','492501','0981174861','secretaria@documenta.com.py','S','Independencia  Nacional 811 esq. Humaita','Independencia  Nacional',0,1,1),(44,'Eti Emprendimientos',1111,'1111','576329','0971105299','osvaldo@etipy.com','S','Francis Morices c/ Cirilo Rivarola 1353','Frente a la parroquia Santa Elena',1,1,1),(45,'Geene S.A',1111,'80059136-4','612000','0992884345','soledad.cabrera@geene.com.py','S','Moises Bertoni 1270 c/ Senador Long','Senador Long',0,1,1),(46,'Johana Sosa (Servi Travel)',1111,'1111','210363','0992393676','valeska.gimenez@gmail.com','S','Brasil 1050 entre Rca. Colombia y Tte Fariña','Brasil 1050',0,1,1),(47,'Jesús Estigarribia',1111,'1111','0981534630','0981534630','jesus.estigarribia@gmail.com','S','Pariri 834 C/ caazapa, barrio vista alegre asuncion','Barrio vista alegre Asuncion',0,1,1),(48,'CAEP Centro de Altos Estudios del Paraguay',22221,'80071660-4','495762','0983459-749','malarcon@caep.com.py','S','Paraguayo Independiente 813 e Ayolas y Montevideo','Ayolas y Montevideo',0,1,1),(49,'Enrique Marin Abente',1111,'1111','602134','0981296084','enrique.marinabente@hotmail.com','S','Benjamin Constan c/ Colon','Al lado de la Marina',0,1,1),(50,'Bruno Fiorio',1683558,'1111','0981411970','0981411970','bruno@fiorio.org','S','Peru 708 c/ Genaro Ruiz','Artigas dos cuadras a la derecha',0,1,1),(51,'Lilian Maciel - Atlantic',1111,'1111','529670','0984201523','lmaciel@atlantic.com.py','S','Ri 18 Pitiantuta c/ Rivarola Mato','Detrás del Multiplaza',0,1,1),(52,'Grupo Positivo SA',1111,'80070477-0','298694','0971219213','nrojas@positivo.com.py','S','Futsal 88 1520 c/ Miguel Angel','Barrio Mburucuya',0,1,1),(53,'DHL Paraguay - Dora Ramirez',1111,'80004866-0','2162604','0982359003','dora.ramirez@dhl.com','S','General Santos y Concordia','Al lado de Complejo Santos',0,1,1),(54,'Universidad Leonardo Da Vinci',1111,'1111','608355','0991208982','joyce.rios@gmail.com','S','Avda. Choferes del Chaco 1418 c/ Tt. Bauza','Avda. Choferes',4,1,1),(55,'Fundación Solidaridad Latino Americana',1111,'80084409-2','0981508010','0981508010','lorena.ramirez@solidaridadnetwork.org','S','Guido Espano 2676 c/ Denis Roa','Guido Espano',4,1,1),(56,'Los cabrones',1111,'1111','0981693030','0981693030','martitaflm@hotmail.com','S','Avenida. del Yath e/ Pseo Galileo','(Frente a la Aso de Banco de Fomento)',4,1,1),(57,'LAURA BAEZ',4551457,'4557457-7','680480','0982885248','LAURA@ACTIVAMENTE.COM.PY','S','MARCELINO AYALA','AL COSTADO DE IPS',2,1,1),(58,'Maria Ines',1111,'8023905-5','0981637632','0981637632','ines.lopezg@gmail.com','S','Cruz del Defensor 860','A lado de las 3 calacas',4,1,1),(59,'Electrotienda Mauricio Gavilan',1111,'1111','0972140210','0972140210','mauricio@laelectrotienda.com.py','S','San Martin 134 casi Mcal. Lopez','Villa Morra',1,1,1),(60,'Mario Medina',1111,'1111','0981874003','0981874003','mariomedina777@gmail.com','S','Guatambu 435 c/Mbua','Barrio San Pablo',4,1,1),(61,'Carla Allende',1111,'1111','0981446031','0981446031','carla.allende@tigo.net.py','S','Eusebio Ayala  e/ Ri 2 de Mayo','Tigo Eusebio Ayala',1,1,1),(62,'Sixta Salinas',1111,'1111','0981527300','0981527300','sixtasalinas@gmail.com','S','vision Banco','vision Banco',1,1,1),(63,'Elias Troche',1111,'1111','0981662835','0981662835','elias.troche@dhl.com','S','Complejo Santos','Complejo Santos',4,1,1),(64,'Walter Zarate',1328169,'1328169-0','021281895','0983428900','wazarate@gmail.com','S','Gomez de la Fuente 379','cerca de la ofi',1,1,1),(65,'Susana Ovelar',1111,'1356153-7','0971130600','0971130600','susana.ovelar@gmail.com','S','Diego Garcia 1377e/Medicos del Chaco y Granada','Lambare',3,1,1),(66,'Casseli Law Firm',1111,'1111','455 053','0961905347','marcas@casselilawfirm.com','S','Edificio Christian Sabe - Alberdi 320 esq. Palma - Oficinas 206 & 214 - 2ndo Piso','Alberdi 320 esq. Palma',1,1,1),(67,'Hugo Ayala',1111,'1111','0991720251','0991720251','pedido@lurbana.com.py','S','Juan de Ayolas 1470','Juan de Ayolas 1470',6,1,1),(68,'Fundacion Dequeni',1111,'1111','Ruta Mcal. Estigarribia 1757','0981414737','ccaceres@dequeni.org.py','S','Estigarribia 1757, Km. 9 Fernando de la Mora','Fernando de la mora',3,1,1),(69,'Johana Ferreira',1111,'1111','0981509480','0981509480','Johanaferreira2104@gmail.com','S','Tteniente Rivarola 2221c/ Nueva Asunción','Nueva Asunción',3,1,1),(70,'Cesar Guieger',856880,'856880-4','0961680982','0961680982','guieger@gmail.com','S','Centeno es. Colon','Colegio Fernando de la Mora',1,1,1),(71,'Rodrigo Gutierrez Yegros',1111,'1111','0971214768','0971214768','rod-gut@hotmail.com','S','Gral Santos 2352','Gral, Santos',3,1,1),(72,'Carlos Ovelar',11111,'1402673-3','0981300102','0981300102','covelar@gmail.com','S','Lillo','Lillo',1,1,1),(73,'Guadalupe Maria Recalde Cuevas',1885007,'1885007-3','0981955084','0981955084','guadirecalde@hotmail.com','S','Herminio Madonado 1322c/ Santa Teresa','Detrás de Sheraton',3,1,1),(74,'Mario Majdalani',1111,'6777687-6','0992938324','0992938324','mario.majdalani@gmail.com','S','Indio Guarani esq. Alberto de Parana','Villa Elisa',4,1,1),(75,'My Eventos',1111,'1111','0981434530','0983955491','cami@myeventos.com','S','Moises Bertoni y Malutin','Moises Bertoni',3,1,1),(76,'Heriberto Da Re',1111,'1111','0971205717','0971205717','heriberto.dare@gmail.com','S','Yatayty Corá 8885 casi Gral. Aquino','Detras de las Residentas',3,1,1),(77,'Yo me Amo  Lorenzo Recalde',1111,'1111','0917157680','0917157680','yomeamopy@gmail.com','S','Mexico 869 3er piso A','Mexico 869 3er piso A',3,1,1),(78,'Fabiola Alcorta',1111,'1111','574342','0981922215','Fabiola.Alcorta@fao.org','S','Edificio del Viceministerio de Ganadería  Planta alta Calle Ciencias Veterinarias y Segunda Km 10.5','San Lorenzo',1,1,1),(79,'Juan Carlos Díaz  - Díaz & Asociados',1111,'1111','445-859','0981562540','jdiaz@diazyasociados.com','S','Lugano 1ra 339 entre Chile y Alberdi','Chile y Alberdi',1,1,1),(80,'Gerardo Lucas Elvira.',1111,'1111','0982816678','0982816678','lucaselvira@gmail.com','S','Mcal.Lopez','Punto Py',1,1,1),(81,'Pedro Pereira',264539,'264539-3','021111111','0981142144','ppereirabrunelli@gmail.com','S','Azara E/ 14 de mayo','centro',1,0,0),(82,'Sofía Levi',813944,'813944-7','021492501','0981781849','slevi@documenta.com.py','S','Independencia Nacional y Humaita','centro',1,0,0),(83,'CiSOFT-Cámara Paraguaya de la Industria del Software.',1111,'1111','338-1417','0972 110 107','secretaria@cisoft.org.py','S','Mcal.Estigarribia No.1146 casi Brasil','Centro',3,1,1),(84,'Patricia Mendoza',1111,'1111','0981492157','0981492157','cpatriciamendoza@gmail.com','S','A lado de la universidad Catolica','universidad Catolica',6,1,1);
/*!40000 ALTER TABLE `adm_personas` ENABLE KEYS */;
UNLOCK TABLES;

--
-- Table structure for table `adm_planes`
--

DROP TABLE IF EXISTS `adm_planes`;
/*!40101 SET @saved_cs_client     = @@character_set_client */;
/*!40101 SET character_set_client = utf8 */;
CREATE TABLE `adm_planes` (
  `CODIGO_PLAN` int(4) NOT NULL AUTO_INCREMENT,
  `DESCRIPCION_PLAN` varchar(60) NOT NULL,
  `TIPO_PLAN` varchar(2) NOT NULL,
  `CANTIDAD_PLAN` int(4) NOT NULL,
  `COSTO_PLAN` int(12) NOT NULL,
  `ESTADO_PLAN` varchar(2) NOT NULL,
  PRIMARY KEY (`CODIGO_PLAN`)
) ENGINE=InnoDB AUTO_INCREMENT=62 DEFAULT CHARSET=latin1;
/*!40101 SET character_set_client = @saved_cs_client */;

--
-- Dumping data for table `adm_planes`
--

LOCK TABLES `adm_planes` WRITE;
/*!40000 ALTER TABLE `adm_planes` DISABLE KEYS */;
INSERT INTO `adm_planes` VALUES (1,'Plan Inicial 5','M',5,250000,'A'),(2,'Plan Solución 10','M',10,480000,'A'),(3,'Plan Solución 15','M',15,690000,'A'),(4,'Plan Solución 20','M',20,880000,'A'),(5,'Plan Solución 25','M',25,1050000,'A'),(6,'Plan Solución 30','M',30,1200000,'A'),(7,'Plan Solución 35','M',35,1330000,'A'),(8,'Plan Solución 40','M',40,1440000,'A'),(9,'Plan Solución 45','M',45,1530000,'A'),(10,'Plan Empresa 50','M',50,1700000,'A'),(11,'Plan Empresa 60','M',60,2040000,'A'),(12,'Plan Empresa 70','M',70,2380000,'A'),(13,'Plan Empresa 80','M',80,2720000,'A'),(14,'Plan Empresa 90','M',90,3060000,'A'),(15,'Plan Empresa 100','M',100,3400000,'A'),(16,'Gestión individual','C',1,60000,'A'),(17,'Gestión individual staff','C',1,57000,'A'),(18,'Paquete 2','C',2,100000,'A'),(19,'Paquete 3','C',3,150000,'A'),(20,'Paquete 4','C',4,200000,'A'),(21,'Paquete 5','C',5,250000,'A'),(22,'Paquete 6','C',6,300000,'A'),(23,'Paquete 7','C',7,350000,'A'),(24,'Paquete 8','C',8,400000,'A'),(25,'Paquete 9','C',9,450000,'A'),(26,'Paquete 10','C',10,500000,'A'),(27,'Paquete 2 staff','C',2,95000,'A'),(28,'Paquete 3 staff','C',3,142000,'A'),(29,'Paquete 4 staff','C',4,47500,'A'),(30,'Paquete 5 staff','C',5,47500,'A'),(31,'Paquete 6 staff','C',6,47500,'A'),(32,'Paquete 7 staff','C',7,47500,'A'),(33,'Paquete 8 staff','C',8,47500,'A'),(34,'Paquete 9 staff','C',9,47500,'A'),(35,'Paquete 10 staff','C',10,475000,'A'),(36,'Plan inicial staff','M',5,247500,'A'),(37,'Paquete 2  Promocional','C',2,90000,'A'),(38,'Paquete 3 Promocional','C',3,135000,'A'),(39,'Plan Solución 10 Staff','M',10,456000,'A'),(40,'Plan Solución 15 Staf','M',15,655500,'A'),(41,'Plan Solución 20 Staf','M',20,836000,'A'),(42,'Plan Solución 25 Staf','M',25,997500,'A'),(43,'Plan Solución 30 Staf','M',30,1140000,'A'),(44,'Plan Solución 35 Staf','M',35,1263500,'A'),(45,'Plan Solución 40 Staf','M',40,1368000,'A'),(46,'Plan Solución 45 Staf','M',45,1453500,'A'),(47,'Plan Solución 50 Staf','M',50,1615000,'A'),(48,'Plan Solución 60 Staf','M',60,1938000,'A'),(49,'Plan Solución  70 Staf','M',70,2261000,'A'),(50,'Plan Solución 80 Staf','M',80,2584000,'A'),(51,'Plan Solución 100 Staf','M',100,3230000,'A'),(52,'Plan Eventual','C',1,60000,'A'),(53,'Plan 5 Gentileza','C',5,250000,'A'),(54,'Plan de 10 Gentileza','C',10,480000,'A'),(55,'Plan 40  Relocation','M',40,35000,'A'),(56,'Tracking Eventual','C',1,45600,'A'),(57,'Plan solución 15  Eventual','C',1,43000,'A'),(58,'Gestión Eventual 1.5','C',2,90000,'A'),(59,'Verificación vehicular.','C',1,88000,'A'),(60,'Plan eventual 1.5','C',2,90000,'A'),(61,'Gestión Eventual','C',1,60,'A');
/*!40000 ALTER TABLE `adm_planes` ENABLE KEYS */;
UNLOCK TABLES;

--
-- Table structure for table `adm_suscripciones`
--

DROP TABLE IF EXISTS `adm_suscripciones`;
/*!40101 SET @saved_cs_client     = @@character_set_client */;
/*!40101 SET character_set_client = utf8 */;
CREATE TABLE `adm_suscripciones` (
  `CODIGO_SUSCRIPCION` int(11) NOT NULL AUTO_INCREMENT,
  `CODIGO_CLIENTE` int(11) NOT NULL,
  `CODIGO_PLAN` int(11) NOT NULL,
  `FECHA_SUSCRIPCION` date NOT NULL,
  `FECHA_VENCIMIENTO` date NOT NULL,
  `FECHA_ACREDITACION` date NOT NULL,
  `IMPORTE_GESTION` int(11) NOT NULL,
  `ESTADO_SUSCRIPCION` varchar(2) NOT NULL,
  PRIMARY KEY (`CODIGO_SUSCRIPCION`)
) ENGINE=InnoDB AUTO_INCREMENT=183 DEFAULT CHARSET=latin1;
/*!40101 SET character_set_client = @saved_cs_client */;

--
-- Dumping data for table `adm_suscripciones`
--

LOCK TABLES `adm_suscripciones` WRITE;
/*!40000 ALTER TABLE `adm_suscripciones` DISABLE KEYS */;
INSERT INTO `adm_suscripciones` VALUES (1,14,17,'2014-09-30','2014-12-01','2014-09-30',57000,'N'),(2,14,39,'2014-09-30','2014-11-01','2014-09-30',45600,'A'),(3,16,35,'2014-09-30','2014-10-30','2014-09-30',47500,'A'),(4,16,35,'2014-09-30','2014-10-30','2014-09-30',47500,'A'),(5,16,1,'2014-09-30','2014-10-30','2014-09-30',50000,'A'),(6,13,39,'2014-09-30','2014-12-01','2014-10-01',45600,'N'),(7,12,39,'2014-09-30','2014-12-01','2014-10-01',45600,'N'),(8,17,52,'2014-10-01','2014-10-01','2014-10-01',60000,'A'),(9,11,48,'2014-10-01','2014-12-01','2014-10-01',32300,'N'),(10,15,9,'2014-10-01','2014-12-01','2014-10-01',34000,'A'),(11,19,53,'2014-10-01','2014-10-01','2014-10-01',50000,'A'),(12,20,39,'2014-10-02','2014-12-01','2014-10-02',45600,'N'),(13,18,45,'2014-10-02','2014-12-01','2014-10-02',34200,'A'),(14,1,2,'2014-10-02','2014-12-02','2014-10-02',48000,'N'),(15,21,54,'2014-10-02','2014-10-02','2014-10-02',48000,'N'),(16,19,53,'2014-10-02','2014-10-02','2014-10-02',50000,'A'),(17,22,54,'2014-10-03','2014-12-03','2014-10-03',48000,'A'),(18,23,45,'2014-10-03','2014-12-03','2014-10-03',34200,'N'),(19,24,52,'2014-10-03','2014-10-03','2014-10-03',60000,'A'),(20,19,26,'2014-10-03','2014-12-03','2014-10-03',50000,'A'),(21,25,53,'2014-10-03','2014-12-03','2014-10-03',50000,'A'),(22,26,53,'2014-10-03','2014-10-03','2014-10-03',50000,'A'),(23,28,39,'2014-10-03','2014-10-03','2014-10-03',45600,'N'),(24,29,53,'2014-10-03','2014-10-03','2014-10-03',50000,'A'),(25,27,45,'2014-10-03','2014-10-03','2014-10-03',34200,'N'),(26,1,41,'2014-10-06','2014-12-06','2014-10-06',41800,'A'),(27,30,1,'2014-10-09','2014-12-01','2014-10-09',50000,'A'),(28,21,54,'2014-10-13','2014-12-13','2014-10-13',48000,'N'),(29,6,53,'2014-10-13','2014-12-13','2014-10-13',50000,'N'),(30,31,52,'2014-10-13','2014-12-13','2014-10-13',60000,'A'),(31,31,30,'2014-10-13','2014-12-13','2014-10-13',9500,'A'),(32,32,52,'2014-10-13','2014-12-13','2014-10-13',60000,'N'),(33,33,52,'2014-10-13','2014-12-13','2014-10-13',60000,'A'),(34,5,53,'2014-10-14','2014-12-14','2014-10-14',50000,'A'),(35,32,21,'2014-10-14','2014-12-14','2014-10-14',50000,'N'),(36,25,30,'2014-10-15','2014-12-15','2014-10-15',9500,'A'),(37,14,30,'2014-10-16','2014-12-16','2014-10-16',9500,'A'),(38,28,54,'2014-10-16','2014-12-16','2014-10-16',48000,'N'),(39,25,52,'2014-10-16','2014-12-16','2014-10-16',60000,'A'),(40,27,52,'2014-10-17','2014-12-17','2014-10-17',60000,'N'),(41,34,52,'2014-10-17','2014-12-17','2014-10-17',60000,'A'),(42,19,40,'2014-10-17','2014-12-17','2014-10-17',43700,'A'),(43,35,55,'2014-10-20','2014-12-20','2014-10-20',875,'A'),(44,27,52,'2014-10-20','2014-12-20','2014-10-20',60000,'N'),(45,36,54,'2014-10-20','2014-12-20','2014-10-20',48000,'A'),(46,27,52,'2014-10-21','2014-12-21','2014-10-21',60000,'N'),(47,27,52,'2014-10-21','2014-12-21','2014-10-21',60000,'N'),(48,37,53,'2014-10-21','2014-12-21','2014-10-21',50000,'A'),(49,7,53,'2014-10-21','2014-12-21','2014-10-21',50000,'A'),(50,25,52,'2014-10-21','2014-12-21','2014-10-21',60000,'A'),(51,38,53,'2014-10-22','2014-12-22','2014-10-22',50000,'N'),(52,18,45,'2014-10-22','2014-12-22','2014-10-22',34200,'A'),(53,27,52,'2014-10-22','2014-12-22','2014-10-22',60000,'N'),(54,27,52,'2014-10-22','2014-12-22','2014-10-22',60000,'N'),(55,27,52,'2014-10-22','2014-12-22','2014-10-22',60000,'N'),(56,27,52,'2014-10-22','2014-12-22','2014-10-22',60000,'N'),(57,27,52,'2014-10-22','2014-12-22','2014-10-22',60000,'N'),(58,39,53,'2014-10-23','2014-12-23','2014-10-23',50000,'A'),(59,39,39,'2014-10-23','2014-12-23','2014-10-23',45600,'N'),(60,27,52,'2014-10-24','2014-12-24','2014-10-24',60000,'N'),(61,40,52,'2014-10-24','2014-12-24','2014-10-24',60000,'A'),(62,40,52,'2014-10-24','2014-12-24','2014-10-24',60000,'N'),(63,40,52,'2014-10-24','2014-12-24','2014-10-24',60000,'A'),(64,27,52,'2014-10-24','2014-12-24','2014-10-24',60000,'A'),(65,41,52,'2014-10-24','2014-12-24','2014-10-24',60000,'A'),(66,42,52,'2014-10-24','2014-12-24','2014-10-24',60000,'A'),(67,3,53,'2014-10-24','2014-12-24','2014-10-24',50000,'A'),(68,43,53,'2014-10-27','2014-12-27','2014-10-27',50000,'A'),(69,27,52,'2014-10-27','2014-12-27','2014-10-27',60000,'N'),(70,27,52,'2014-10-27','2014-12-27','2014-10-27',60000,'N'),(71,27,52,'2014-10-28','2014-12-28','2014-10-28',60000,'N'),(72,28,56,'2014-10-28','2014-12-28','2014-10-28',45600,'N'),(73,28,56,'2014-10-28','2014-12-28','2014-10-28',45600,'N'),(74,44,52,'2014-10-29','2014-12-29','2014-10-29',60000,'A'),(75,14,52,'2014-10-29','2014-12-29','2014-10-29',60000,'A'),(76,27,52,'2014-10-29','2014-12-29','2014-10-29',60000,'N'),(77,45,53,'2014-10-29','2014-12-29','2014-10-29',50000,'A'),(78,46,53,'2014-10-29','2014-12-29','2014-10-29',50000,'N'),(79,14,52,'2014-10-30','2014-12-30','2014-10-30',60000,'A'),(80,28,57,'2014-10-30','2014-12-30','2014-10-30',43000,'N'),(81,28,56,'2014-10-30','2014-12-30','2014-10-30',45600,'N'),(82,47,52,'2014-10-30','2014-12-30','2014-10-30',60000,'N'),(83,48,53,'2014-10-31','2014-12-31','2014-10-31',50000,'A'),(84,49,52,'2014-10-31','2014-12-31','2014-10-31',60000,'A'),(85,39,54,'2014-10-31','2014-12-31','2014-10-31',48000,'N'),(86,23,45,'2014-10-31','2014-12-31','2014-10-31',34200,'N'),(87,27,52,'2014-11-03','2015-01-03','2014-11-03',60000,'N'),(88,13,35,'2014-11-03','2015-01-03','2014-11-03',47500,'N'),(89,50,53,'2014-11-04','2015-01-04','2014-11-04',50000,'A'),(90,38,2,'2014-11-04','2015-01-04','2014-11-04',48000,'N'),(91,46,52,'2014-11-04','2015-01-04','2014-11-04',60000,'N'),(92,25,52,'2014-11-04','2015-01-04','2014-11-04',60000,'A'),(93,27,45,'2014-11-05','2015-01-05','2014-11-05',34200,'A'),(94,28,40,'2014-11-05','2015-01-05','2014-11-05',43700,'N'),(95,46,58,'2014-11-05','2015-01-05','2014-11-05',40000,'N'),(96,51,52,'2014-11-05','2015-01-05','2014-11-05',60000,'A'),(97,32,52,'2014-11-05','2015-01-05','2014-11-05',60000,'N'),(98,9,52,'2014-11-06','2015-01-06','2014-11-06',60000,'A'),(99,1,4,'2014-11-06','2015-01-06','2014-11-06',44000,'A'),(100,52,52,'2014-11-06','2015-01-06','2014-11-06',60000,'N'),(101,53,53,'2014-11-06','2015-01-06','2014-11-06',50000,'A'),(102,52,56,'2014-11-06','2015-01-06','2014-11-06',45600,'A'),(103,50,46,'2014-11-10','2015-01-10','2014-11-10',32300,'A'),(104,34,52,'2014-11-10','2015-01-10','2014-11-10',60000,'A'),(105,54,53,'2014-11-10','2015-01-10','2014-11-10',50000,'A'),(106,39,3,'2014-11-12','2015-01-12','2014-11-12',46000,'N'),(107,55,52,'2014-11-12','2015-01-12','2014-11-12',60000,'A'),(108,12,3,'2014-11-13','2015-01-13','2014-11-13',46000,'A'),(109,25,52,'2014-11-13','2015-01-13','2014-11-13',60000,'A'),(110,56,53,'2014-11-13','2015-01-13','2014-11-13',50000,'A'),(111,30,52,'2014-11-13','2015-01-13','2014-11-13',60000,'A'),(112,52,58,'2014-11-13','2015-01-13','2014-11-13',40000,'A'),(113,56,30,'2014-11-14','2015-01-14','2014-11-14',9500,'A'),(114,30,52,'2014-11-14','2015-01-14','2014-11-14',60000,'A'),(115,57,52,'2014-11-14','2015-01-14','2014-11-14',60000,'A'),(116,47,52,'2014-11-14','2015-01-14','2014-11-14',60000,'A'),(117,47,52,'2014-11-14','2015-01-14','2014-11-14',60000,'A'),(118,37,26,'2014-11-14','2015-01-14','2014-11-14',50000,'A'),(119,58,39,'2014-11-15','2015-01-15','2014-11-15',45600,'A'),(120,14,39,'2014-11-18','2015-01-18','2014-11-18',45600,'A'),(121,59,52,'2014-11-18','2015-01-18','2014-11-18',60000,'A'),(122,6,53,'2014-11-19','2015-01-19','2014-11-19',50000,'A'),(123,46,2,'2014-11-19','2015-01-19','2014-11-19',48000,'N'),(124,38,2,'2014-11-19','2015-01-19','2014-11-19',48000,'A'),(125,60,1,'2014-11-20','2015-01-20','2014-11-20',50000,'A'),(126,61,59,'2014-11-20','2015-01-20','2014-11-20',88,'A'),(127,30,21,'2014-11-20','2015-01-20','2014-11-20',50000,'A'),(128,62,52,'2014-11-20','2015-01-20','2014-11-20',60000,'A'),(129,28,40,'2014-11-24','2015-01-24','2014-11-24',43700,'N'),(130,63,52,'2014-11-24','2015-01-24','2014-11-24',60000,'A'),(131,1,42,'2014-11-24','2015-01-24','2014-11-24',39900,'A'),(132,15,46,'2014-11-24','2015-01-24','2014-11-24',32300,'A'),(133,13,35,'2014-11-25','2015-01-25','2014-11-25',47500,'N'),(134,17,58,'2014-11-26','2015-01-26','2014-11-26',45000,'N'),(135,17,60,'2014-11-26','2015-01-26','2014-11-26',45000,'A'),(136,64,59,'2014-11-27','2015-01-27','2014-11-27',88000,'A'),(137,52,52,'2014-11-27','2015-01-27','2014-11-27',60000,'A'),(138,65,52,'2014-11-28','2015-01-28','2014-11-28',60000,'A'),(139,64,52,'2014-11-28','2015-01-28','2014-11-28',60000,'A'),(140,64,21,'2014-11-28','2015-01-28','2014-11-28',50000,'N'),(141,66,21,'2014-11-28','2015-01-28','2014-11-28',50000,'A'),(142,67,52,'2014-12-01','2015-02-01','2014-12-01',60000,'A'),(143,39,3,'2014-12-01','2015-02-01','2014-12-01',46000,'A'),(144,23,9,'2014-12-01','2015-02-01','2014-12-01',34000,'A'),(145,53,1,'2014-12-01','2015-02-01','2014-12-01',50000,'A'),(146,68,52,'2014-12-02','2015-02-02','2014-12-02',60000,'A'),(147,68,52,'2014-12-02','2015-02-02','2014-12-02',60000,'A'),(148,21,1,'2014-12-02','2015-02-02','2014-12-02',50000,'N'),(149,11,48,'2014-12-03','2015-02-03','2014-12-03',32300,'A'),(150,38,2,'2014-12-03','2015-02-03','2014-12-03',48000,'A'),(151,33,53,'2014-12-04','2015-02-04','2014-12-04',50000,'A'),(152,34,52,'2014-12-04','2015-02-04','2014-12-04',60000,'A'),(153,47,21,'2014-12-04','2015-02-04','2014-12-04',50000,'A'),(154,37,2,'2014-12-05','2015-02-05','2014-12-05',48000,'N'),(155,10,53,'2014-12-05','2015-02-05','2014-12-05',50000,'A'),(156,16,52,'2014-12-06','2015-02-06','2014-12-06',60000,'A'),(157,13,39,'2014-12-09','2015-02-09','2014-12-09',45600,'A'),(158,69,53,'2014-12-09','2015-02-09','2014-12-09',50000,'A'),(159,70,53,'2014-12-10','2015-02-10','2014-12-10',50000,'A'),(160,64,59,'2014-12-10','2015-02-10','2014-12-10',88000,'A'),(161,20,1,'2014-12-10','2015-02-10','2014-12-10',50000,'A'),(162,28,3,'2014-12-11','2015-02-11','2014-12-11',46000,'A'),(163,12,1,'2014-12-11','2015-02-11','2014-12-11',50000,'A'),(164,32,1,'2014-12-11','2015-02-11','2014-12-11',50000,'N'),(165,60,1,'2014-12-12','2015-02-12','2014-12-12',50000,'A'),(166,52,1,'2014-12-13','2015-02-13','2014-12-13',50000,'A'),(167,16,53,'2014-12-14','2015-02-14','2014-12-14',50000,'A'),(168,46,10,'2014-12-15','2015-02-15','2014-12-15',34000,'A'),(169,71,1,'2014-12-15','2015-02-15','2014-12-15',50000,'A'),(170,72,52,'2014-12-15','2015-02-15','2014-12-15',60000,'A'),(171,73,1,'2014-12-15','2015-02-15','2014-12-15',50000,'A'),(172,74,61,'2014-12-15','2015-02-15','2014-12-15',60,'A'),(173,75,59,'2014-12-16','2015-02-16','2014-12-16',88000,'A'),(174,76,60,'2014-12-16','2015-02-16','2014-12-16',45000,'A'),(175,21,1,'2014-12-17','2015-02-17','2014-12-17',50000,'A'),(176,37,2,'2014-12-17','2015-02-17','2014-12-17',48000,'A'),(177,25,2,'2014-12-17','2015-02-17','2014-12-17',48000,'A'),(178,77,53,'2014-12-18','2015-02-18','2014-12-18',50000,'A'),(179,32,1,'2014-12-18','2015-02-18','2014-12-18',50000,'A'),(180,18,11,'2014-12-18','2015-02-18','2014-12-18',34000,'A'),(181,78,61,'2014-12-19','2015-02-19','2014-12-19',60,'A'),(182,39,4,'2014-12-19','2015-02-19','2014-12-19',44000,'A');
/*!40000 ALTER TABLE `adm_suscripciones` ENABLE KEYS */;
UNLOCK TABLES;
/*!50003 SET @saved_cs_client      = @@character_set_client */ ;
/*!50003 SET @saved_cs_results     = @@character_set_results */ ;
/*!50003 SET @saved_col_connection = @@collation_connection */ ;
/*!50003 SET character_set_client  = utf8 */ ;
/*!50003 SET character_set_results = utf8 */ ;
/*!50003 SET collation_connection  = utf8_general_ci */ ;
/*!50003 SET @saved_sql_mode       = @@sql_mode */ ;
/*!50003 SET sql_mode              = 'NO_AUTO_VALUE_ON_ZERO' */ ;
DELIMITER ;;
/*!50003 CREATE*/ /*!50017 DEFINER=`root`@`localhost`*/ /*!50003 TRIGGER `inserta_log_saldo` AFTER INSERT ON `adm_suscripciones`
 FOR EACH ROW BEGIN
  DECLARE monto_plan INT;
  DECLARE cantidad_plan INT;
  
  SET monto_plan =  (SELECT pl.costo_plan FROM adm_planes pl WHERE pl.codigo_plan = NEW.codigo_plan);
  SET cantidad_plan =  (SELECT pl.cantidad_plan FROM adm_planes pl WHERE pl.codigo_plan = NEW.codigo_plan);
  
    INSERT INTO log_saldo(CODIGO_SALDO, CODIGO_SUSCRIPCION,	CODIGO_CLIENTE, FECHA_SALDO,FECHA_SALDO_VTO, CANTIDAD, CANTIDAD_SALDO, IMPORTE, IMPORTE_SALDO) 
	VALUES (NULL, NEW.CODIGO_SUSCRIPCION, NEW.CODIGO_CLIENTE, NEW.FECHA_SUSCRIPCION, NEW.FECHA_VENCIMIENTO, cantidad_plan, cantidad_plan, monto_plan, monto_plan); 
	
	INSERT INTO montos VALUES (monto_plan,'100');
END */;;
DELIMITER ;
/*!50003 SET sql_mode              = @saved_sql_mode */ ;
/*!50003 SET character_set_client  = @saved_cs_client */ ;
/*!50003 SET character_set_results = @saved_cs_results */ ;
/*!50003 SET collation_connection  = @saved_col_connection */ ;

--
-- Table structure for table `clients`
--

DROP TABLE IF EXISTS `clients`;
/*!40101 SET @saved_cs_client     = @@character_set_client */;
/*!40101 SET character_set_client = utf8 */;
CREATE TABLE `clients` (
  `id` int(10) unsigned NOT NULL AUTO_INCREMENT,
  `username` varchar(100) NOT NULL,
  `email` varchar(100) NOT NULL,
  `password` varchar(255) NOT NULL,
  `key` varchar(256) NOT NULL,
  `nombre_apellido` varchar(100) NOT NULL,
  `telefono` varchar(20) NOT NULL,
  `telefono_celular` varchar(20) NOT NULL,
  `direccion` varchar(100) NOT NULL,
  `created` timestamp NOT NULL DEFAULT CURRENT_TIMESTAMP,
  PRIMARY KEY (`id`),
  UNIQUE KEY `email` (`email`),
  UNIQUE KEY `username` (`username`)
) ENGINE=MyISAM AUTO_INCREMENT=74 DEFAULT CHARSET=latin1;
/*!40101 SET character_set_client = @saved_cs_client */;

--
-- Dumping data for table `clients`
--

LOCK TABLES `clients` WRITE;
/*!40000 ALTER TABLE `clients` DISABLE KEYS */;
INSERT INTO `clients` VALUES (1,'sebas.strogg','null@gmail.com','827ccb0eea8a706c4c34a16891f84e7b','f74c2779fad4a089c254a2b03b2f7f13613432b71663ff3779614a48ac46fc2c','null ','456123','981645242','Cerro cora 1955 c/ insaurralde','2014-09-08 07:51:24'),(2,'sebas','sebas@gmail.com','202cb962ac59075b964b07152d234b70','d6e6b7483f9f3877bedb8dd51dcbd63e23fd55d72508fe40c21cdff9efdd0ffd','sebastian lena','123456','98765','micasa','2014-09-09 00:33:24'),(3,'Gaspar','gaspar@activamente.com.py','f2d6be0cd825108aa87e6f322a820cbc','ca2131f2475a8bfdc8a0bdbd0992d79b2062028e9b31f99b7058515fb9315ef8','Gaspar Cabrera','021672671','0985438057 ','Italia e sarao fernando zona norte','2014-09-09 03:06:54'),(4,'diegoalta','diegoalta@gmail.com','7a37aeaa21e2588e3bed57acc975e863','83db47c99aa554cd7fe60b7d95f21f13501f7161fcb79c575b8ff76ec3f7c876','diego altamirano','021303030','0981288892','centenario 2515','2014-09-09 16:47:18'),(5,'ami','ami@activamente.com.py','c7d1a4f2ea841d5c37dda9986f9a4b24','3d8a01d69e7779fedce821ad7e114a68e4a97df5320617f41f1bee643f1fb674','Ami Cabtera','021680480','0985501502','capitan maciel 2123','2014-09-09 16:47:59'),(6,'reneriveros','reduriv@gmail.com','61a985ab0604a31b0734955bb8f7d7c5','30629585687a9c8eb68c2cf6de2dd7409e1895fe8ca6f8f3fd7914b04ff2a546','Rene Riveros','021670282','0971567506',' Lapacho entre Del Carmen y San Andres','2014-09-09 17:58:29'),(7,'jjimenez','javierjimenez75@gmail.com','2041e10e6c71acf339dfb639d05c4911','d43b8a0747510041175482a3608d50bc1549a802547edf3262b45dce287463af','javier jimenez','021282557','0971962290','marcelino ayala 2024','2014-09-09 20:01:53'),(8,'andyparce','andyparce@gmail.com','c3cc8a82817b1da5552efa5845189257','e8c7595ab260b53ce66f216e69d542f2552fe7a3cd5c08e3859360d105bcb32a','andres parcerisa','291104','0981811700','albinoaaciel 2133','2014-09-09 23:30:48'),(9,'root','sebas.strogg@gmail.com','37a6259cc0c1dae299a7866489dff0bd','a86fab673b85707f8a260e5812fabc732061603b5668fbce6a56108ae3469e6d','sebastian lena','123456','0981645242','casa casita','2014-09-18 01:58:07'),(10,' Fran','cardusfran_85@hotmail.com','7e1d6fb58c819797ebdd9cde0f2f5246','afd0e34d704747359b423174f5796063ff4f3e562f01833e56529551a47ef4ff','Francisco Cardus','0961519743','0961519743','hernadarias','2014-09-18 19:10:24'),(11,'usuario01','gasparlcabrera@gmail.com','f2d6be0cd825108aa87e6f322a820cbc','5c486c172a42af6f6f247c3050c90f9377ad293aef90c669ff67f649cb3c29c4','Usuario01','0985438057 ','0985438057 ','111','2014-09-18 21:41:21'),(12,'Antonio','otna.vera@gmail.com','16647265f5accf449c22d35267671a97','34f02f4603cbad93fb83c133d472f421ef9b0a8a1d8cb99e481eded2d30065c3','Antonio Vera','0985','0985514013','luque','2014-09-19 19:36:26'),(13,'Laura Baez','laura@activamente.com.py','a443479eec779d39a40346eb94d8a70e','0212b8c62891ee0ef1a08e889ac575b3766d802bc304f4be9d83961dc932e50c','Laura Baez ','0982885248','0982885248','Marcelino ayala','2014-09-19 19:37:13'),(14,'Cira','negral62@gmail.com','67d28d8c9dedc795168af20c28365fe2','9a4740708f55c4ccb4a2fe10c9c6974b24b1f159c4bd92630a165e9ec6d6771c','Cira León','602797','0981478048','Juan Manuel Iturbe 609','2014-09-23 02:00:21'),(15,'ZoraidaS','maritesoto@hotmail.com','ce8fa7fff1dc5dc35fa7c86b01df6ec8','df15241b48d82310245f8901fce50c39ce483e575f7624586074d9059d846fed','Zoraida Soto','672966','0982439279','Cnel Ramos 1811','2014-09-24 18:49:16'),(16,'adol','adolfinac@hotmail.com','b21af3bbd0ba02971766c53ab3d0aedb','66599285b8ee0f8e9856b074a2134901e459ceacf95244a9f0a67f676745d72a','adolfina cardus','0981136109','0993549025','hernandarias luque','2014-09-26 20:25:08'),(17,'ferrojas','farg.rojas@gmail.com','fb55ae26550f0228fd0019ecfa004e2c','87b942ee42bd8e57db73db09462513f6ec163dc7ea460e6ff0d51c49a24d0e1b','fernando rojas','021682368','0981193015','san andres 2135','2014-09-27 05:42:04'),(18,'raulfersa','fernandez.raul1989@gmail.com','0872556d7c53ad9d9f14561d36eeaefd','9aa3bd15bfef489e2fb43d2fc57ef6b7ecd0d960cd6dd08d98bf17cafd407b9c','Raul','021226730','0984312520','Felix Bogado esq/Paso pucu','2014-09-27 09:37:30'),(19,'null4','sebass@gmail.com','202cb962ac59075b964b07152d234b70','1a1a6dc14d6c7ea7657f105f0dfad24d94a6a389d213a2754846d7b7733983aa','sebastian2 lena','123456','0981645242','casafdo','2014-09-27 16:37:31'),(20,'rubenlledo','rubenlledod@hotmail.com','0dc43005ed512807de78724ebc30b846','27d544ba9aac473e4a586cdbc084e5001e752f226beb25aa1585e34c6bfdbf2f','ruben lledo','021420825','0981470009','ygatimi 1385 casi alferez silva','2014-10-01 14:00:06'),(21,'Linak','cealinares@gmail.com','764c6b5d5db0dac57089a2b9b5bd24df','f86b4b350caebc3fb16921300a3c4a7dfcdde5957b0e2eec0a27d7482b4f3b67','Carlos Linares García','422015','0981546576','Manduvirá 1186 e/ Don Bosco','2014-10-01 14:39:53'),(22,'noris','nbtorras@hotmail.com','ce942b4d95e19d6818ed31a4059965e2','7e557bd8194f462930a194ca4c8548424272670ff792936e110ba73d64c3c450','Noris torras','331156','0981548551','ciudad de chiva 2486','2014-10-01 15:04:33'),(23,' diebogado','diego_bogado90@hotmail.com','aa7403395b0bd5304ea6cca58d1fc105','8fa9cc375428fa0e5ef510b9e86cdc3d6fa737a5252cc99a903f875d5e698ccc','Diego Bogado ','0217212222',' 0975168270',' San Juan Bautista','2014-10-06 11:09:36'),(24,'monaprh92','monaprh92@gmail.com','9a803305d9640a01af25ff5d9c9d90a5','59a2eb27946dd3cb0c1ab6d7dffcaaf55bead5ca959db1bf08ec7c3081ca1a01','Monica Rodriguez Hetter','+59521502301','+595981406529','Rafael Barret 6538 c/ prof conradi','2014-10-06 13:06:42'),(25,'chiquito','daniel_servin72@hotmail.com','f6dc0462269500f3f7292662b663a559','aeb5b0d9ef4d005cfddccdca6cbe141a84313d8fda1999d25530a7289b09cbd2','Jorge Daniel Servin Gimenez','021604517','0984334914',' coronel Dugraty 4920 casa tte Zotty','2014-10-06 23:09:56'),(26,' lorerettamar','lorena@agrupandoideas.com.py','cd4032b398baced86cd7c8f23d0bc7f5','c9e3191d6cd77e95884a50fc11727a4cafb0a157b084ef145eb8d8a8a57dfbc4','Lorena Peralta','613593','0981 969 527',' Teniente Quevedo 428 casi Iturbe','2014-10-06 23:38:21'),(27,'luimanzoni','luimanzoni@hotmail.com','2a227f538601f1fc3b290bd2413bba5f','827a26cb1aff10567018f83bc869d3b2c1388e4f2f2ece63115a676dce493d62','Luigi Manzoni ','0972278060 ','0972278060 ','trejo y sanabria 1148','2014-10-07 00:21:22'),(28,'Deivid01','deivid01@gmail.com','d398b8460452884a9a15b60d88d024fe','a3edcdf192e647669afe404ae0030a727dc28eaf4431b3ef9122b61d8dd2576b','David Rodriguez ','021213193','0981514900','Mcal Lopez 2109 y  América ','2014-10-07 03:06:45'),(29,'gabylatorrea ','Gaby_latorre@hotmail.com','438d540592ca023b67639e666c747f87','be33fd133e8baf49f61808efa721b83e42a3c737f3bb87878b6d1f96991088c1','Gaby Latorre ','021312197 ','0981663787 ','julia macchi de Gonzalez','2014-10-07 03:07:24'),(30,'clauvivok','claudiavivok@hotmail.com','1d9cd65033683c8451d31b6908115735','92902c88e9082028f1c290d48513dc4d87bec135d6ca75939bd14181a69c9a5f','claudia Villalba','506470','0981930797','fermin lopez 3615 esquina quebracho','2014-10-07 03:55:46'),(31,'serggalu','smgalu@gmail.com','efb924307604ce1d53fe3d6278684e4f','5180b88d0133944cf97ded090701ddf4c16a5fb3d7b7fd7fd3724bf173d143fa','Sergio Galeano','021509112','0981708102','Mariano Molas 887 c/Yegros','2014-10-07 14:48:17'),(32,'jose','jmirandadiaz1@gamail.com','206234122e4c95a733bc903c5c87df63','65cff21eee198f106d263a074dfda4d880514358fd78963b4d73e26cdba8587c','jose miranda diaz','(021) 683-223','0981622130','india c/ lapacho','2014-10-09 03:44:49'),(33,'maidana','lucio.maidana@micronalsa.com.py','aa47f8215c6f30a0dcdb2a36a9f4168e','50d7a9a1685a36dd30b32af7a1759a7965737b2de366f64af1d469c6ab819dc4','Lucio Maidana','+595 21446503','+595986755361','15 de agosto 818','2014-10-09 11:37:28'),(34,'Ojus98','ojus98@gmail.com','9d8fb8198b414743b81fc91cde891606','bdd1f5c0bbff84058cddbb48d273819b1b6d5f22db26254f34249185451b92d4','Eduardo Prieto ','558348','981452130 ','San José 777 Lambare ','2014-10-09 13:22:07'),(35,'Will','gonzalezwilian@gmail.com','06d4f07c943a4da1c8bfe591abbc3579','c0eba351f626a0eb88b85a99d244ee20d583cc810d83f21e3dc17be2ec23929a','Wilian Gonzalez Rodas','02128600 ','0981261901','primer presidente 2868','2014-10-10 17:49:47'),(36,'oscarnortiz','oscarnortiz@gmail.com','1748e3da981704c86eab89781f774a86','68c11437764ba07c6dbc5c1b51e964c359386ceae2f87d09d1249e203df5d8f8','Oscar Ortiz','021334231','0983385456','Pizarro 4313','2014-10-10 18:10:06'),(37,'sanki ','san.alonzo@gmail.com','02b8c954864bff842c38bfec643a5a94','8f9e2ec408d1ce6f15648fb4c4ded1a3bad42e6f2b3604a908d99711ebbc6706','Sandra Alonzo ','0991605111 ','0991605111 ','Antonio Planás 410','2014-10-11 00:30:03'),(38,'CrisCa','criscaquino@hotmail.com','722c018afb60700a5f1fa7266503cd33','7d3bc13cc6a7d012ebb7eeff9c0baea4596fac991b6ef91fa80d1d577d10ec15','Cris Aquino','021674000','0991850187',' Callejon Zaracho 2139','2014-10-11 03:19:03'),(39,'crisvaz','crisvazn05@hotmail.com','4a849fe8794ccf06a395d931919af6cf','c9b0dc0d55be9865489a18480be6f18337eceb10067c7c4e2eca79604375164d','Cristina Vazqiez N uñez','0973563347','0973562346','ciudad del este Parsguay','2014-10-11 09:36:48'),(40,'hbenegas','hbenegas@gmail.com','f485876e3b6ae5413288da6d42540557','61a074dabbf77e5f4517ed999f2f8ae8b43846678b71816d90bdb189df1f62ef','Horacio Benegas Masi','442304','0984287300','colon 960 e/ Piribebuy y Manduvira','2014-10-14 01:26:30'),(41,'natylovera','natylovera57@gmail.com','81dc9bdb52d04dc20036dbd8313ed055','1543b8e0f59e2ff934ce0a1b16763a4aad4172ef2f13f4138b8c1a004fa4214a','Natalia Lovera','021 640240','0962126966','República dominicana','2014-10-14 11:40:59'),(42,'sol','solluque75@gmail.com','1abd0905e06411e7b6e6272b9f6d6352','0308a1b6ad0557530eff7749fc21f578399102c3a0376b52423f931155ae9c80','beatriz vazquez','650278','0984525980','Mcal lopez 66','2014-10-14 11:41:08'),(43,'Raquelfer','rakifernandez72@gmail.com','83d14dfd63bf5f31576a875eafb38cdd','193728c1a628da8b1e404c062ae725e275d82530fa029be5218d55b1b22ee2be','Raquel Fernández','021641068','0985240314','José A. Molas c/Mcal. Estigarribia','2014-10-16 12:35:22'),(44,'samuel@sansolucion.com.py','samuelbenitez9020@gmail.com','986d1da7d52ef8914c3c9117180a37dc','c344f6a2ec606da9182d134bddf3c94929168d395aba5820b3361b64ef13a79d','samuel benitez','500988','0971258902','genaro romero','2014-10-22 18:32:22'),(45,'jhon Mereles','jhonmereles@hotmail.com','f69ab16fe5e6ff3d1a64f1c9413687e3','3c7ced73b6209b218621b23246d0a6b578c6a06855d83793fe5059c29715907b','Jhon Mereles','0982468571','0982468571','capitán lagraña 1080','2014-10-22 18:39:09'),(46,'vanerru','vaneruggero@gmail.com','61d2c3f62ed773fc053382218ebdf45e','c0a598dab06d6ac01c8619298fdf9100e247a7081c598baaf38142594b477cb3','vanessa ruggero','0994395120','0994395120','teniemte fariña 1023 entre brasil y eeuu','2014-10-22 22:08:58'),(47,'Deborach','debbysamaniego@hotmail.com','d00f5381d9376d0b9eef1f73d8f55ecf','e3dd9344f54118fbdb763adf15a9364d90fa2f3bb109ccc0e772dfd98d086ba0','Deborach Samaniego','218 8170','0985 723458','Avda. Perú casi Juan de Salazar','2014-10-23 11:13:20'),(48,'hectorfa','hector-af@hotmail.com','b77a1937e131139f4b943f582205cd4b','0c4b703a57c3ff162b542fd5689f3eb52e9d269c6d254f2328bb8c25da13020c','Hector Ayala Franco','605975','0981173324','Legion Civil Extranjera 347','2014-10-23 13:51:22'),(49,'blasgu','blasgu@hotmail.com','760c481a43f84f42eaecf45936335289','79f1e6d29413e26edc287afaa331c70c0709f217c35c410cb6fbe49e71832976','blas gaona','204 365','0981855859','Brasil 1050 c/ tte. fariña','2014-10-23 15:08:23'),(50,'valegimenez','valeska.gimenez@gmail.com','ca03ae285d2dc4da93ac9603d932ad50','cef57718209d8f7c25e08d5f0f443a5bf40d5605057bdd4b05b0e0cb711b3642','vakeska gimenez ','210363','0981729337','brasil 1050','2014-10-23 16:04:16'),(51,'bernardo','pavao.bernardo@gmail.com','96a63bcf4387bc6522d84f3c4470bd19','6d14c24ac134006d778489fe29e594c601f1dc115198fe0178069be54258be75','Bernardo Duarte','0214198049','0982219302','Lomas Valentinas 245 c/ Acosta Ñu','2014-10-24 19:04:29'),(52,'el eterno','lilianmacielc@gmail.com','352c42aac430f7ff93734db9bdf828c9','10e73d9301efa6519a1391c47dedb0caf00b286ccca46ec729ae96f467fbd5fa','lilian maciel','021520670','0984201523','ri18 pitiantuta','2014-10-29 13:40:02'),(53,'jruizd','jruizd@gmail.com','102ddaf691e1615d5dacd4c86299bfa4','d07d708c3701e0ad9ab6e0aa4df1d8a58f19f7170b0db2040f1ceb9e7604e25d','Javier Ruiz Diaz','0971969153','0971969153','*','2014-10-31 19:02:38'),(54,'papucho62 ','moises@sit.com.py','d44da58ae3808e336c9d138ead0bbb4b','08a63fe6613dd50b24c55c7d08c6d29d731dd4126d52f94d4d669f9d4ef58dbc','moises Raphael ','021298600','0981401290','Chacoré  2515 ','2014-11-01 15:25:52'),(55,'eddie the beast','eddie.otto@gmail.com','20f02399ae7154f7e4027d9fb5a0d630','c0f52115e128d151a08b8bd51c11af7c11b547c5c5faa73fc8b5127cf8cd508f','otto velazquez','no tengo','0971200646','solar guarani 1135','2014-11-01 16:17:57'),(56,'Aníbal Paredes Segovia','anibalparedess@hotmail.com','5496640bc891d374d80072a7d1521602','cfb04efc288847b0132afff02f103d18c660b96960fd49011d8541a590827970','Aníbal Paredes Segovia','+595972522001','+595972522001','Calle San Blas c/ Emiliano R. Fernández','2014-11-03 12:55:22'),(57,'Diego Morales','diegomoralesg92@gmail.com','7a30fc406902a0d86edf1f565b53bcc2','70445ad2dd3574b83900e5de7702b0cc2deaa6252b2dc324ed83aae223844789','Diego Morales ','501480','0981625546','Jose Lamas Carisimo 716','2014-11-06 13:34:53'),(58,'achucarro','r_achucarro@hotmail.com','046723736520e5ab3a6e4f60df79b4d3','944cebf4765178225231c116442bbde78dc704e08fe8d6fe01067da571b848c8','Rodrigo Achucarro','0981810914','0981810914','Tte. Manuel Pino Gonzalez 440','2014-11-07 10:26:44'),(59,' carlitallende','carliallende@gmail.com','a80580870e205a21fcff7272a4da5836','04218eaf4daaecd952eeebd58cede31e340ec16ca3cdf65ea997d15feffccaf1','Carla allende','583715','0981446031',' San Lorenzo','2014-11-12 19:11:30'),(60,'raquelita','raquelbfernandez@hotmail.com','43fc6d2c65b639c5288076f1e34c94f9','8a8dc64f9536bd915cbe530aa445955a43a1650c26d1fa8033265a4d07139f7d','raquel fernandez','021641068','0985240314','jose a molas c mcal estigarribia luque','2014-11-13 13:30:20'),(61,'victorcolman','victorcolmanayala@gmail.com','db0f72c207f0a9946802c802ce876d59','e0741be01d275aced0edd3e75364d039eddb1b4361684735842dd2c6e16c87cb','Victor Colman','0213264420','0971526117','Acceso Sur y 29 de Setiembre','2014-11-17 19:16:54'),(62,'wazarate','wazarate@gmail.com','37bc817fa4f3f93d02cff09c98409b68','547eea91b2542b0883b5b26a8ac359af18f17e21eb7a7db17a7cfa7d7b9a7372','Walter A. Zarate Almiron','281.895','0983 428.900','Gomez de la Fuente 379','2014-11-19 01:16:37'),(63,'eltendota','cdam1000@hotmail.com','f1abd8da930b478a908c9250a9b38e6a','795dc8f435eb26845f6547757150afdd71ad83cd043892e0a18cfe7e2654ff79','Cristhian Alvarenga','0981737036',' 0981737036',' Valeriano Zeballos e Iturbe 233 Dpto 5 Luque','2014-11-19 15:16:41'),(64,'leonardobartrina@hotmail.com','leonardobartrina@hotmail.com','d3e5ac65410dd594f5758f3035a4424c','beb1ad581b0ec9a394d88f98baf978d7d44254bcaa49fef4896d71c68443e2dd','Leonardo Bartrina','0982921222','0982921222','Dr.Marco Aguayo 253','2014-11-20 18:58:05'),(65,'ariel','arielayala1987@hotmail.com','0309e1da26fee1d810428c208b3850db','e8777794b94c0040ad463512175094d1004b4f3e947e4a836a220c91cd8db07c','arielayala','+595972770089','0972770089','calle jhovy casi moreira','2014-11-20 22:47:25'),(66,'magraziella','magraziella@gmail.com','de6cf8ac989f60c09bf0e0393fbc1bee','a75c5ca97098f35d2ff1debcb1681fc06bf585cf23aa23aa8648d46e6a0f0a8d','ma Graciela Cabral','0981404452','0981404452','m roque alonso','2014-11-23 17:56:42'),(67,'Andy Marcon','andrea28marcon@gmail.com','9017269cb1e833ece919ee171108b245','ad06572fd7e453c2a664cfead52d070cc0927b6b0a6da9b9eececc41ac2afb26','Andrea Marcón','0000','0975671524','Cnel Victor Ayala c/ Mcal Lopez','2014-11-25 15:12:43'),(68,'sebaservin','sebaservin@gmail.com','06b067460683bfa32ca13988d91d06f3','c1cb811c503ca2e63249f2c07dab3c64ca3f70c7035b84bec755b4963d57447d','Sebastian Servin','2481538','0981445568','Bertoni 2129','2014-11-25 15:14:57'),(69,'Claudia Bordon','claudiabordonr@gmail.com','cca1328412d59c43dfe931745d0772a8','6bcebf2ca18fce3aaa1999d5255a96bc3e757a685b7b057895bf05405c4c6e70','Claudia Bordón','021420465','0981283373',' colon 2549','2014-11-25 16:59:47'),(70,'cyberworld777 ','comercial@cartridgeworld.com.py','2cbc4356f2cfa3cef3574b0d5888b1a5','a9d2660539dfb37fa463be761dc004a9f3acd910d5465713e2b6a284ac2c7c35','Sergio David Zabala','0972122095','0972122095','Rosa Peña 258 c/ Rio de Janeiro','2014-11-27 14:54:10'),(71,'tiu','rod-gut@hotmail.com','6b2cfc7888c265bcc9dc0a4dc5a2d53b','b92e0f8f7b207f325a0d9847a136c29e2e086c95229b5ee66f4dae1a9ba78f8b','Rodrigo Gutierrez Yegros','331123','0971214768','gral santos 2352','2014-11-28 15:23:17'),(72,'covelar','covelar@gmail.com','86c812f16c8fe98f4e43fbf892765e3e','46f9e810d2a95891e71f82e594ecc564cc37ac6ef1f56d0ad5a2a052363ec4eb','Carlos Ovelar','021673347','0981300102',' Concejal Vargas 1250 casi Lillo.  Dpto. 19','2014-11-28 17:03:18'),(73,'Claudio','santacruzcrous@gmail.com','470f4dc5050ed19f7921956555af449a','1361fbf12c1d0c30357b895fbe0c0ae40f91fe90452c2615e68b9ab08185aa46','Claudio Santacruz','021492146','0981424621','Cap. Lezcano 1653','2014-12-06 16:17:20');
/*!40000 ALTER TABLE `clients` ENABLE KEYS */;
UNLOCK TABLES;

--
-- Table structure for table `conf_barrios`
--

DROP TABLE IF EXISTS `conf_barrios`;
/*!40101 SET @saved_cs_client     = @@character_set_client */;
/*!40101 SET character_set_client = utf8 */;
CREATE TABLE `conf_barrios` (
  `CODIGO_BARRIO` int(11) NOT NULL AUTO_INCREMENT,
  `DESCRIPCION_BARRIO` varchar(100) NOT NULL,
  `CODIGO_CIUDAD` int(11) NOT NULL,
  PRIMARY KEY (`CODIGO_BARRIO`)
) ENGINE=InnoDB DEFAULT CHARSET=latin1;
/*!40101 SET character_set_client = @saved_cs_client */;

--
-- Dumping data for table `conf_barrios`
--

LOCK TABLES `conf_barrios` WRITE;
/*!40000 ALTER TABLE `conf_barrios` DISABLE KEYS */;
/*!40000 ALTER TABLE `conf_barrios` ENABLE KEYS */;
UNLOCK TABLES;

--
-- Table structure for table `conf_ciudades`
--

DROP TABLE IF EXISTS `conf_ciudades`;
/*!40101 SET @saved_cs_client     = @@character_set_client */;
/*!40101 SET character_set_client = utf8 */;
CREATE TABLE `conf_ciudades` (
  `CODIGO_CIUDAD` int(11) NOT NULL AUTO_INCREMENT,
  `ESTADO_CLIENTE` varchar(100) NOT NULL,
  `CODIGO_DEPARTAMENTO` int(11) NOT NULL,
  PRIMARY KEY (`CODIGO_CIUDAD`)
) ENGINE=InnoDB DEFAULT CHARSET=latin1;
/*!40101 SET character_set_client = @saved_cs_client */;

--
-- Dumping data for table `conf_ciudades`
--

LOCK TABLES `conf_ciudades` WRITE;
/*!40000 ALTER TABLE `conf_ciudades` DISABLE KEYS */;
/*!40000 ALTER TABLE `conf_ciudades` ENABLE KEYS */;
UNLOCK TABLES;

--
-- Table structure for table `conf_departamentos`
--

DROP TABLE IF EXISTS `conf_departamentos`;
/*!40101 SET @saved_cs_client     = @@character_set_client */;
/*!40101 SET character_set_client = utf8 */;
CREATE TABLE `conf_departamentos` (
  `CODIGO_DEPARTAMENTO` int(11) NOT NULL AUTO_INCREMENT,
  `DESCRIPCION_DEPARTAMENTO` varchar(100) NOT NULL,
  PRIMARY KEY (`CODIGO_DEPARTAMENTO`),
  UNIQUE KEY `DESCRIPCION_DEPARTAMENTO` (`DESCRIPCION_DEPARTAMENTO`)
) ENGINE=InnoDB DEFAULT CHARSET=latin1;
/*!40101 SET character_set_client = @saved_cs_client */;

--
-- Dumping data for table `conf_departamentos`
--

LOCK TABLES `conf_departamentos` WRITE;
/*!40000 ALTER TABLE `conf_departamentos` DISABLE KEYS */;
/*!40000 ALTER TABLE `conf_departamentos` ENABLE KEYS */;
UNLOCK TABLES;

--
-- Table structure for table `conf_usuario`
--

DROP TABLE IF EXISTS `conf_usuario`;
/*!40101 SET @saved_cs_client     = @@character_set_client */;
/*!40101 SET character_set_client = utf8 */;
CREATE TABLE `conf_usuario` (
  `COD_USUARIO` int(11) NOT NULL AUTO_INCREMENT,
  `NOMBRE_APELLIDO` varchar(100) NOT NULL,
  `ID_USUARIO` varchar(10) NOT NULL,
  `USUARIO_PASSWORD` varchar(10) NOT NULL,
  PRIMARY KEY (`COD_USUARIO`),
  UNIQUE KEY `ID_USUARIO` (`ID_USUARIO`)
) ENGINE=InnoDB AUTO_INCREMENT=6 DEFAULT CHARSET=latin1;
/*!40101 SET character_set_client = @saved_cs_client */;

--
-- Dumping data for table `conf_usuario`
--

LOCK TABLES `conf_usuario` WRITE;
/*!40000 ALTER TABLE `conf_usuario` DISABLE KEYS */;
INSERT INTO `conf_usuario` VALUES (1,'IVAN GOMEZ','IVAN','IVAN'),(2,'ADMINISTRADOR','ADMIN','ADMIN'),(3,'Laura Baez','LAURAB','LAURAB'),(4,'Cira Leon','CIRAL','CIRAL'),(5,'Antonio Vera','ANTONIOV','ANTONIOV');
/*!40000 ALTER TABLE `conf_usuario` ENABLE KEYS */;
UNLOCK TABLES;

--
-- Table structure for table `log_gestiones`
--

DROP TABLE IF EXISTS `log_gestiones`;
/*!40101 SET @saved_cs_client     = @@character_set_client */;
/*!40101 SET character_set_client = utf8 */;
CREATE TABLE `log_gestiones` (
  `NUMERO_GESTION` int(11) NOT NULL AUTO_INCREMENT,
  `FECHA_GESTION` date NOT NULL,
  `FECHA_INICIO` timestamp NOT NULL DEFAULT '0000-00-00 00:00:00',
  `FECHA_FIN` timestamp NULL DEFAULT '0000-00-00 00:00:00',
  `CODIGO_CLIENTE` int(11) NOT NULL,
  `CODIGO_GESTOR` int(11) DEFAULT NULL,
  `CODIGO_USUARIO` int(11) NOT NULL,
  `ESTADO` varchar(1) DEFAULT NULL,
  `CANTIDAD_MINUTOS` int(11) DEFAULT NULL,
  `CANTIDAD_GESTIONES` float(11,1) DEFAULT NULL,
  `OBSERVACION` varchar(1500) DEFAULT NULL,
  `CODIGO_PLAN` int(11) DEFAULT NULL,
  `GENTILEZA` varchar(1) DEFAULT 'N',
  UNIQUE KEY `PRIMARY_LOG_GESTIONES` (`NUMERO_GESTION`)
) ENGINE=InnoDB AUTO_INCREMENT=669 DEFAULT CHARSET=latin1;
/*!40101 SET character_set_client = @saved_cs_client */;

--
-- Dumping data for table `log_gestiones`
--

LOCK TABLES `log_gestiones` WRITE;
/*!40000 ALTER TABLE `log_gestiones` DISABLE KEYS */;
INSERT INTO `log_gestiones` VALUES (12,'2014-09-30','2014-09-30 14:40:08','2014-09-30 14:40:08',16,0,2,'A',80,2.0,'Prueba',NULL,'N'),(13,'2014-09-30','2014-09-30 14:41:32','2014-09-30 14:41:32',16,0,2,'A',90,2.5,'Prueba 2',NULL,'N'),(14,'2014-09-30','2014-09-30 17:02:00','2014-09-30 17:02:00',14,1,2,'A',40,1.0,'Prueba ',NULL,'N'),(15,'2014-09-30','2014-09-30 21:33:12','2014-09-30 21:33:12',14,3,2,'A',40,1.0,'Prueba 2',NULL,'N'),(16,'2014-09-30','2014-09-30 21:45:57','2014-09-30 21:45:57',14,3,2,'A',40,1.0,'Prueba 3',NULL,'N'),(17,'2014-09-30','2014-09-30 21:52:47','2014-09-30 21:52:47',14,1,2,'A',40,1.0,'Prueba 4',NULL,'N'),(18,'2014-10-01','2014-10-01 12:02:21','2014-10-01 12:02:21',14,1,2,'A',40,1.0,'Ir a llevar gato macho a la Sra. Mary ',NULL,'N'),(19,'2014-10-01','2014-10-01 13:16:55','2014-10-01 13:16:55',17,4,2,'F',40,1.0,'Ir a llevar documento  Dirección: Mcal.Lopez 3811 c/ Dr Morra luego, retirar contrato (central telefuturo) pedir documento al sr. Cristhia Riquelme llevar a la oficina del sr. Nelson Martinez ',NULL,'N'),(20,'2014-10-01','2014-10-01 14:10:45','2014-10-01 14:10:45',14,3,2,'F',40,1.0,'Ir a llevar automóvil de la oficina a la casa de Gaspar entregar a la sra. Lali  ',NULL,'N'),(21,'2014-10-01','2014-10-01 15:36:45','2014-10-01 15:36:45',11,1,2,'F',30,1.0,'Ir a comprar cuaderno para Ami \nMundo de Papel\nDirección: Avda. España  ',NULL,'N'),(22,'2014-10-01','2014-10-01 18:37:14','2014-10-01 18:37:14',14,4,2,'F',40,1.0,'Ir a Coomecipar , luego a visión banco (hacer varios pagos)\n',NULL,'N'),(23,'2014-10-01','2014-10-01 18:40:18','2014-10-01 18:40:18',11,4,2,'F',40,1.0,'Ir a Visión Banco a efectivizar cheque , cambiar 200$ en guaranies ',NULL,'N'),(24,'2014-10-01','2014-10-01 19:18:59','2014-10-01 19:18:59',16,5,2,'F',90,2.5,'Gestion de prueba para envios de email',NULL,'N'),(25,'2014-10-01','2014-10-01 19:22:09','2014-10-01 19:22:09',16,5,2,'F',100,2.5,'PRueba 2 de envio de email, cliente v.ivangomez@gmail.com.\nAsistente diegoalta@gmail.com.\nEnvia solo email al asistente cuando la tarea se encuentra en proceso, no antes.',NULL,'N'),(26,'2014-10-01','2014-10-01 19:59:07','2014-10-01 19:59:07',15,1,2,'F',120,3.0,'Gestión 1    LDC paraguay\nGestión 2    Estancia Concepción.\nGestión 3  Jesús Maria S.A.',NULL,'N'),(27,'2014-10-01','2014-10-01 20:01:49','2014-10-01 20:01:49',11,4,2,'F',40,1.0,'Ir a visión Banco a hacer deposito ',NULL,'N'),(28,'2014-10-01','2014-10-01 21:46:04','2014-10-01 21:46:04',19,4,2,'F',80,2.0,'1 Gestión Ir a hacer entrega de zapatos (Luque) \n2 Gestión Ir a hacer entrega de zapatos (Copipunto) ',NULL,'N'),(29,'2014-10-02','2014-10-02 14:12:31','2014-10-02 14:12:31',15,4,2,'F',40,1.0,' Bco Continental sucursal Mundi Mark la dirección es Avda. España esq. Pitiantuta. Es para retirar una chequera a nombre de DESARROLLO AGRICOLA DEL PARAGUAY RUC. 80029592-7. Dejo Alexander Gonzalez CI 1.675.331. Es pasar directo por ahí y traer la chequera.',NULL,'N'),(30,'2014-10-02','2014-10-02 14:25:47','2014-10-02 14:25:47',20,1,2,'F',40,1.0,'Ir a hacer extracciones de  Coomecipar ',NULL,'N'),(31,'2014-10-02','2014-10-02 14:46:13','2014-10-02 14:46:13',15,4,2,'F',40,1.0,'ir a  retirar una encomienda de MG EXPRESS N° de factura 18896 llevar a DAP \n ',NULL,'N'),(32,'2014-10-02','2014-10-02 19:19:21','2014-10-02 19:19:21',18,3,2,'F',120,4.0,'Envió 1 Independencia Nacional 1419 c/ Abay (Segunda Proyectada) Ariel 0961911991 entrega de una tablet 265.000 \nEnvió 2  Gonzalo Mendoza 146 a media cuadra de Cacique Lambare  Pablo Amarilla  tel; 0981102780\nEnvió 3 Cronel Silvio Garay c/ Mcal. Lopez  Fdo. de la Mora Zona Norte  ( Escuela de natación Burbujitas) Jazz Barrail 0982813016 \nGestión 4 Ir a club de oferta a retirar cheque de la sra. Maga ',NULL,'N'),(33,'2014-10-02','2014-10-02 19:42:39','2014-10-02 19:42:39',18,3,2,'F',160,4.0,'Entrega 1 entrega de una tablet Shopping Mariano Ever Recalde 0971866173 \nEntrega 2 Perfume Fantasi (Lila) 190.000 Ivan Jara  tel: 0961387836 Direccion; Independencia  e/ 8va y 9na nro 2059 Frente a la comisaria Cuarta.\nEntrega 3 envió a Lambare un tablet  Luis Chaparro 0972135145 \nEntrega 4  envio de una tablet a caazapa 1422 c/ Medicos del Chaco. frente mismo a la cooperativa Nazareth Central  Jorge 0991821860',NULL,'N'),(34,'2014-10-02','2014-10-02 20:03:17','2014-10-02 20:03:17',21,2,2,'F',40,1.0,'Ir a hacer entrega de factura \nRuta 9 ',NULL,'N'),(35,'2014-10-02','2014-10-02 22:03:40','2014-10-02 22:03:40',1,4,2,'F',120,3.0,'Ir al domicilio 17 Proyectadas y Morelos retirar Factura,Recibo y Remisión  de ahí llevar al sanatorio Médicos dirección: Feliz Bogado a lado de Luisito de ahí ir a Lambare retirar 600 bolígrafos para Segesa mas 15 cajas.\n1 llevar bolígrafos en el decanato frente al ex hospital de clinicas Direccion Montero c/ Dr Mazei.\n2 llevar las dos tazas a segesa con las 15 cajas para reposición \n3 llevar unos Kepis 150 unidades entregar en la empresa Unión SRL (San Lorenzo) \nAviadores del chaco c/ Rec Nacional San Lorenzo, detrás de sal\n',NULL,'N'),(36,'2014-10-03','2014-10-03 13:57:09','2014-10-03 13:57:09',24,2,2,'F',40,1.0,'Retirar documento  de la oficina de la Sra Fabiola Alcorta llevar a  Independencia Nacional 874  Humaita y Piribuy .',NULL,'N'),(37,'2014-10-03','2014-10-03 14:01:06','2014-10-03 14:01:06',23,4,2,'F',40,1.0,' 1- Entrega de sobre \n 2 -  Retirar aporte de la siguiente dirección:\n Roberto González Rioobo 1240 C/ Carmen Soler (la última casa del Callejón). OBS.: Para las 10:30 hs\n',NULL,'N'),(38,'2014-10-03','2014-10-03 14:07:21','2014-10-03 14:07:21',22,1,2,'F',60,1.5,'Ir a hacer entrega de documentos..\n1- Avda España 2221\n2- Chile 850 entre Humaita y Piribebuy \n3- Hernandarias 816 c/ Humaita ',NULL,'N'),(39,'2014-10-03','2014-10-03 14:43:11','2014-10-03 14:43:11',23,4,2,'E',40,1.0,'Retiro de aporte\nAporte I\nNombre:  Blanca Lila Dominguez de Avalos\nNúmero de celular: 0981 469389\nDirección: colegio bautista de villa morra hacia atrás en el estacionamiento\nAporte: 180.000 guaraníes. \nHorario de retiro: antes de las  12:00 hs\n',NULL,'N'),(40,'2014-10-03','2014-10-03 14:45:33','2014-10-03 14:45:33',14,3,2,'F',40,1.0,'Ir a pagar cuenta de la sra Selva Gaona ci. 497610 Financiera Ara \nesta en el predio de tigo Central ',NULL,'N'),(41,'2014-10-03','2014-10-03 15:15:10','2014-10-03 15:15:10',25,2,2,'F',40,1.0,'Ir a retirar contraseña de la oficina de Copagra luego ir al consulado Argentino a retirar un pasaporte  Dirección: Palma 319 – 1er. piso – Esquina Chile ',NULL,'N'),(42,'2014-10-03','2014-10-03 15:29:36','2014-10-03 15:29:36',15,3,2,'F',80,2.0,'1 -Pago de  facturas de ANDE en la central que esta frente a la Universidad Columbia.\n2- Retirar Sobres de la agencia La San Pedrana a nombre de DESARROLLO AGRICOLA DEL PARAGUAY\nDirección:  Rca Argentina C/Fernando De La Mora.',NULL,'N'),(43,'2014-10-02','0000-00-00 00:00:00','0000-00-00 00:00:00',19,1,2,'F',120,3.0,'Ir a hacer entregas de zapatos \n1- Toyotoshi. Mcal. Lopez 2801 (265000Gs.)\n2- Viena 991 c/ Austria a dos cuadras de Feria Asunción (265000Gs)\n3- Fernando de la Mora c/ Sucre, Luque  (265000GS.)\n4- 14 de Mayo 1311 c/ Segunda (195000Gs)',NULL,'N'),(44,'2014-10-02','2014-10-02 04:00:00','2014-10-02 04:00:00',23,4,2,'F',80,2.0,'Retiro de Aportes:\n1-  Benjamín Constant 835 entre Montevideo y Ayolas. Edificio Jacaranda.  SRA. DENISSE COLMÁN. (preguntar por ella en portería).\n2 - Mayor Bullo 356 esq. Cerro León- Lambaré. SRA. MÓNICA GALILEA. Monto:200.000gs  ',NULL,'N'),(45,'2014-10-03','2014-10-03 16:43:38','2014-10-03 16:43:38',15,3,2,'F',40,1.0,'Ir a  retirar cajas dirección: Avda. España 1410 c/ San Rafael edificio La Torre segundo piso, junto a Perla Oviedo. Y esas cajas deben traernos aquí a la oficina del edificio Estanislao.',NULL,'N'),(46,'2014-10-03','2014-10-03 17:05:33','2014-10-03 17:05:33',26,4,2,'F',40,1.0,'Ir a Printoos retirar materiales llevar al centro.. (Dirección que la sra. carmen le va a dar a Samuel) ',NULL,'N'),(47,'2014-10-03','2014-10-03 17:31:58','2014-10-03 17:31:58',1,1,2,'F',120,3.0,'1-Retirar del domicilio de la Sra. Diana unas remisiones luego ir a Lambare Dirección: 14 de mayo retirar 48 remeras llevar al decanato, dr. Montero c/ dr Mazei\n2- Ir a solar retirar pago  Dirección: Peru 592 c/ Juan de Zalazar 280.000Gs \n3- Ir a cobrar la consolidada Dirección: Aviadores del chaco 1669 c/ San Martín Edificio Aymac 7mo piso (pago de Proveedores)500.000 gs\n4- Ir a aseguradora ya Yacyreta entregar factura crédito.',NULL,'N'),(48,'2014-10-03','2014-10-03 19:12:20','2014-10-03 19:12:20',28,2,2,'F',40,1.0,'1 - Ir a Cooperativa 7\nDirección: Calle Asunción (Fernando de la Mora)\n2- Edificio Itasa Washington y Jose Salazar retirar cheque ',NULL,'N'),(49,'2014-10-03','2014-10-03 20:07:18','2014-10-03 20:07:18',29,4,2,'F',80,2.0,'Ir a llevar factura, retirar pagos a la ciudad de Ñemby, dirección a confirmar por el Sr. Carlos',NULL,'N'),(50,'2014-10-03','2014-10-03 21:07:18','2014-10-03 21:07:18',18,3,2,'F',40,1.0,'Entrega de productos \n1-  Ir a entregar un perfume Calvin Klein one Shock (250.000GS) Shopping San Lorenzo\n2- Ir a entregar Reloj a Jorge Venitez (700.000)  Shopping San Lorenzo\n',NULL,'N'),(51,'2014-10-03','2014-10-03 21:21:31','2014-10-03 21:21:31',18,1,2,'F',80,2.0,'Entrega de productos\n1- Entregar un perfume de Nina Richi  para Patricia Aranda \nDirección: Detrás del club Rubio Ñu ( De los Angeles 719 c/ Juana Pabla Carrillo \n2- Entregar un reloj a Diego Vargas (Shopping Mariscal Lopez)  ',NULL,'N'),(52,'2014-10-03','2014-10-03 21:36:13','2014-10-03 21:36:13',27,4,2,'F',40,1.0,'1 - Ir a cambiar cheque  a visión Banco \n2- Retirar talonario de factura (Gráfica Alianza)  de Lurbana S.A',NULL,'N'),(53,'2014-10-03','2014-10-03 04:00:00','2014-10-03 04:00:00',19,3,2,'F',40,1.0,'Ir a retirar un zapato \nDirección: 14 de mayo c/ Segunda nro 1391',NULL,'N'),(54,'2014-10-04','2014-10-04 14:58:56','2014-10-04 14:58:56',18,4,2,'F',80,2.0,'- Colocación de soporte de ventana en el domicilio de la Sra Maga \n- Arreglo de puerta del placar',NULL,'N'),(55,'2014-10-06','2014-10-06 14:18:26','2014-10-06 14:18:26',15,4,2,'F',60,1.5,'Gestión 1  enviar unos documentos para autenticar en el centro y que traiga otros que ya están listos para retirar. La dirección de la escribana es: 25 DE MAYO ENTRE PARAGUARI Y MEXICO 2do PISO. \nGestión 2  Retirar un recibo de Dap  luego ir  a hacer cobro \n ',NULL,'N'),(56,'2014-10-06','2014-10-06 14:34:41','2014-10-06 14:34:41',1,1,2,'F',150,4.0,'Gestiones\n1- Ir a retirar remisión de la casa de la sra Diana, luego retirar 300 remeras de Lambare\n2- luego llevar la decanato Dirección Sajonia \n3- luego retirar 500 Kepis del mercado y llevar a aseguradora Tajy ',NULL,'N'),(57,'2014-10-06','2014-10-06 14:42:57','2014-10-06 14:42:57',11,4,2,'F',60,1.5,'Gestiones \n1-  Fundación Dequeni  entregar factura y retirar cheque, luego ir a cambiar cheque en Itau, luego depositar la plata en visión Banco.\n2- Solicito que pasen a retirar de la casa de Ami la mochila que tiene la computadora y traigan a la oficina.\n',NULL,'N'),(58,'2014-10-06','2014-10-06 15:23:57','2014-10-06 15:23:57',25,2,2,'F',60,1.5,'1- Retirar de Nasa terminal. Retirtar de currier \n2- Cooperativa Serhin, dirección España Nº 2212. llevar documento\n3- Nueva Asunción, Dirección Tarima y casique. Retirar del currier',NULL,'N'),(59,'2014-10-06','2014-10-06 19:21:52','2014-10-06 19:21:52',16,5,2,'P',90,2.5,'Prueba de descuento de saldo',NULL,'N'),(60,'2014-10-06','2014-10-06 19:43:45','2014-10-06 19:43:45',15,1,2,'F',40,1.0,'Retirar encomienda\n Empresa MG express, según factura Nº 19076.',NULL,'N'),(61,'2014-10-06','2014-10-06 19:53:01','2014-10-06 19:53:01',18,3,2,'F',60,1.5,'Entrega de productos\n1- Tablet  Dirección: República Dominicana 932 C/ Libertad ( Barrio Jara) Raul Nogues \n2- Transchaco (detrás de pollo casero) entregar Tablet Laura\n3- Entregar tablet Orange 580.000 Dirección: Caazapa 1422 c/ médicos del chaco ',NULL,'N'),(62,'2014-10-06','2014-10-06 20:03:31','2014-10-06 20:03:31',19,4,2,'F',100,2.5,'Entrega de Zapatos \n1- Dirección: Herrera y Capitan Rivarola Superior Live (cerca de emergencias medicas)\n2- Dirección: Bonifacio Ovando 1040 \n3- Dirección: 14 de mayo c/ segunda 1391  ',NULL,'N'),(63,'2014-10-06','2014-10-06 20:09:23','2014-10-06 20:09:23',19,2,2,'F',40,1.0,'Entrega de zapatos\n1- Herminio Gimenez 3407 c/ Kubitschek (a dos cuadras del seminario) \n2- Alas Paraguayas 215 c/Kubitschek  ',NULL,'N'),(64,'2014-10-07','2014-10-07 11:28:40','2014-10-07 11:28:40',15,4,2,'F',40,1.0,'Ir  retirar un documento de Dap, llevar a la escribanía para autenticación.',NULL,'N'),(65,'2014-10-07','2014-10-07 13:54:53','2014-10-07 13:54:53',12,3,2,'F',40,1.0,'Gestiones\n1- Ir a hacer pago de Club Centenario (pago de dos meces)\n2- Ir a pagar factura a Personal Dirección: Avda. España ',NULL,'N'),(66,'2014-10-07','2014-10-07 13:59:23','2014-10-07 13:59:23',18,2,2,'F',60,1.5,'Entrega de Tablet, Marcelo Colman Von Poleski e/ Caaguazu (referencia frente al colegio San Francisco de Asis al lado del club de sol de América). Villa Elisa  Precio 265.000 ',NULL,'N'),(67,'2014-10-09','2014-10-09 13:07:43','2014-10-09 13:07:43',30,3,2,'F',80,2.0,' Retirar dos cajas de la  oficinas de MICRONAL INSTRUMENTOS DE PRECISION S.A.\nDirección: 15 de agosto 818 e/ Humaitá y Piribebuy, Se le entregaran estos documentos:\n- Factura original y duplicado - Remisión original y duplicado\nEntregar las dos cajas en FAPASA (Farmacéutica Paraguaya S.A.) Planta Industrial\nDirección: Waldino Ramón Lovera esquina Del Carmen, Fernando de la Mora - Paraguay\n- Entregar las dos cajas - Entregar original de la Remisión al cliente\n- Hacer firmar el duplicado de la Remisión y guardarlo\nLlevar Factura Original a FAPASA (Farmacéutica Paraguaya S.A.) Oficina Administrativa\nAv. Aviadores del Chaco 2462 entre Santa Teresa y San Blas\n-Entregar la Factura Original y hacer firmar su correspondiente duplicado',NULL,'N'),(68,'2014-10-08','0000-00-00 00:00:00','0000-00-00 00:00:00',14,1,2,'F',120,2.0,'1- Ir a compar repuesto, tornería (esperar que se desarme el auto para llevar muestra a fabricación de bujes) Dirección: San Lorenzo/ Luque \n2- Retirar los bujes de la tornería y llevar de vuelta al taller. (Horario de entrega 15:00 hs)',NULL,'N'),(69,'2014-10-09','2014-10-09 15:08:25','2014-10-09 15:08:25',15,4,2,'F',80,2.0,'Gestiones \n1. Llevar un sobre hasta KM 22,5 RUTA 2 CAPIATA, para ELPIDIO MOLINAS, Telefono 0528 632 902\n2. Factura, Tamanawna 3733 c/ domingo Martinez de Irala , para ROSALBA NUÑEZ\n3.Factura, RUTA 1 KM 18 CAPIATA en CAVALLARO SACEI para GIOVANNI  o PAOLA GOMEZ',NULL,'N'),(70,'2014-10-09','2014-10-09 19:06:48','2014-10-09 19:06:48',25,3,2,'F',40,1.0,' Es ir a buscar al banco regional ( sucursal san Martín) un sobre y traerlo a  la oficina, Dirección;\nGeneral Santos y concordia (complejo Santos) Bloque E 10\n',NULL,'N'),(71,'2014-10-09','2014-10-09 19:16:18','2014-10-09 19:16:18',18,3,2,'F',40,1.0,'Entrega de una Navaja Dirección: Médicos del Chaco y Mayor Bullo Duarte \nReferencia: Frente al Edificio Bella Vista de Tupi) Ruben Mendoza 0971894456 \nGs. (95.000) ',NULL,'N'),(72,'2014-10-13','2014-10-13 13:50:08','2014-10-13 13:50:08',21,2,2,'F',60,1.5,'PACKAGING S.A\nGestiones\n1-      Pasar a pagar la factura de Copaco en San Martin\n2-      Pasar a pagar el I.V.A de la empresa en Visión Banco de Eusebio Ayala\n3-      Entrega para envió de sobre en DHL EN Gral. Santos\n4-      Pasar a cobrar en la empresa Mickey sobre Félix Bogado.\n\n ',NULL,'N'),(73,'2014-10-13','2014-10-13 14:20:01','2014-10-13 14:20:01',6,1,2,'F',60,1.5,'Gestiones\n1- Ir a coomecipar a retirar efectivo para la compra de corbatas de Luomo\n   (tener en cuenta la muestra para retirar el indicado), luego entregar a coomecipar.\n',NULL,'N'),(74,'2014-10-13','2014-10-13 17:14:08','2014-10-13 17:14:08',13,1,2,'F',40,1.0,'Gestiones:\n1- Llevar tablet a reparacion (Samsung) Direccion: Argentina c/ Boggiani. Al lado del Hotel Boggiani en la galeria SIGLO XXI \n',NULL,'N'),(75,'2014-10-13','2014-10-13 14:18:56','2014-10-13 14:18:56',13,4,2,'F',60,1.5,'Gestiones:\n1- Pago IPS (Aporte Obrero Patronal) Dirreccion: Herra y Nuestra Señora\n2- Pago Seguro Migone (dos meces)  Direccion: Eligio Ayala y Pai\" Perez ',NULL,'N'),(76,'2014-10-13','2014-10-13 15:24:42','2014-10-13 15:24:42',31,3,2,'F',200,5.0,'Gestiones:\n1-Raúl Ibáñez	Tigo	Zavala Cué 2450 c/ Artillería, Fernando de la Mora\n2-Carolina María Peña	La Sanlorenzana SA Juan Pablo Ocampo y Laurel, San Lorenzo\n3-Marcelo Paredes	Juguetería Cotishop	San Martín 1899 esq. Dr. Abdala\n4-Natalia Zucolillo	Diario Abc Color	Yegros 745\n5-Alejandro Lindgren	Grupo Vierci	España 1410 c/ San Rafael,\n    Edificio Complejo La Torre\n6-Mirian Morán  Diario Última Hora	Benjamín Constat 658\n7-Miguel Ángel Cricco	Juguetería Miramar	Palma c/ O\'Leary\n',NULL,'N'),(77,'2014-10-13','2014-10-13 16:27:21','2014-10-13 16:27:21',15,4,2,'F',100,2.5,'Gestiones:\n1. Llevar un sobre hasta KM 22,5 RUTA 2 CAPIATA, para ELPIDIO MOLINAS, Telefono 0528 632 902\n2. Factura, Tamanawna 3733 c/ Domingo Martinez de Irala , para ROSALBA NUÑEZ\n3. Factura, RUTA 1 KM 18 CAPIATA en CAVALLARO SACEI para GIOVANNI  o      PAOLA GOMEZ\n\n ',NULL,'N'),(78,'2014-10-13','2014-10-13 16:35:54','2014-10-13 16:35:54',25,3,2,'F',40,1.0,'Gestion:\nIr a Banco Regional  retirar un documento ( suc san Martin) un sobre y llevarlo  a  la oficina de Copagra. ',NULL,'N'),(79,'2014-10-13','2014-10-13 17:10:53','2014-10-13 17:10:53',23,1,2,'A',240,6.0,'Gestiones: Pedido de Rosa Riveros\n1- Colegio de Abogados del Py: 14 de Mayo 988 e/ Manduvira.\n2-Colegio de Escribanos del Paraguay: Oleary N° 1066 c/ Manduvirá.\n3- Centro de Importadores del Paraguay:  Brasilia 1947 c/ Artigas.\n4-Feprinco: Palma 751 3° piso. Edificio Unión Club\n5- Cámara de Anunciantes del Paraguay: Capitán Brizuela 475 e/ Pitiantuta y Ayala   Velázquez\n9- Ing. Manuel López Cano: Parirí 1013 c/ Tobatí\n10- Capeco: Avenida Brasilia 840 e/ Sargento Gauto y Luis de Granada.\n\n',NULL,'N'),(80,'2014-10-13','2014-10-13 17:32:37','2014-10-13 17:32:37',15,4,2,'F',40,1.0,'Gestión:\nRetirar  sobre de tasación\nDireccion:  Estudio Pessolani Direccion: Austria N° 2363 Asuncion. y luego llevar a la oficina de DAP.\n',NULL,'N'),(81,'2014-10-13','2014-10-13 18:34:16','2014-10-13 18:34:16',32,4,2,'F',40,1.0,'Ir a la oficina de Mambo, Preguntar por Renato Pompa  retirar Factura y llevar a Unilever (Villa Elisa)',NULL,'N'),(82,'2014-10-13','2014-10-13 18:49:23','2014-10-13 18:49:23',33,3,2,'F',40,1.0,'Gestion:\nIr a retirar materiles de Raff  y llevar a Chechos ',NULL,'N'),(83,'2014-10-14','2014-10-14 14:38:23','2014-10-14 14:38:23',18,3,2,'F',80,2.0,'Gestiones\n1- Cambio de tablet (que fallo) Direccion:Independencia Nacional 1419 c/ Abay segunda proyectada  cobrarle al sr. 25.000 Ariel 0961911991\n2- Medicos del chaco y Mayor Duarte 1527 Frente al Edificio Tupi, Ruben Mendoza 0971894456 (Entregar navaja) ',NULL,'N'),(84,'2014-10-15','0000-00-00 00:00:00','0000-00-00 00:00:00',18,4,2,'F',80,2.0,'Gestiones:\n1- Entrega de Perfume Fantasy 190.000 Direccion:Azara c/ Peru 1568 Soludez y Bienestar \nSofia Amarilla 0985315841\n2- Entrega de producto Juan Carlos 0981805941 Direccion:Conorel Silvestre Aveiro 209 e/ Gral Diaz (cuarto Barrio Luque) 820.000',NULL,'N'),(85,'2014-10-14','2014-10-14 13:22:41','2014-10-14 13:22:41',5,1,2,'F',40,1.0,'Gestion:\nIr a coomecipar a hacer pago del sr. Saccomani ',NULL,'N'),(86,'2014-10-14','2014-10-14 13:33:57','2014-10-14 03:00:00',32,4,2,'F',40,1.0,'Gestion:\nIr a Unilever  a llevar  factura  (Villa Elisa)',NULL,'N'),(87,'2014-10-14','2014-10-14 19:53:10','2014-10-14 19:53:10',18,3,2,'F',80,2.0,'Gestiones\n1- Entrega de una navaja Jose Cacerez Direccion: Itapua casi Alberto Gomez \n2- Pedro Gayoso Direccion: Via Ferrea 1430 c/ Lombardo (entrega de navaja)',NULL,'N'),(88,'2014-10-14','2014-10-14 20:00:34','2014-10-14 20:00:34',18,4,2,'F',40,1.0,'Gestion:\n1- Entrea de un lente, 2 mochilas y un reloj Maria Gloria 0992313497\nDireccion: Independencia Nacional 541 c 12 de Junio (Fernando zona Sur)',NULL,'N'),(89,'2014-10-15','2014-10-15 13:11:38','2014-10-15 13:11:38',18,1,2,'F',40,1.0,'Gestiones:\nEnviar cambio de 4 parlantes (cargador) no funcionan Direccion: Jose de la cruz Ayala 5859 entre RI 6 Boqueron y Alas Paraguayas',NULL,'N'),(90,'2014-10-15','2014-10-15 13:15:01','2014-10-15 13:15:01',18,3,2,'F',40,1.0,'Gestion\n1- Entrega de una tablet (265.000) \n Direccion:Brasilia frente al colegio nuestra señora del huerto\n Arturo Aranda 0961849953 ',NULL,'N'),(91,'2014-10-15','2014-10-15 13:21:03','2014-10-15 13:21:03',18,4,2,'F',40,1.0,'Gestion\nEntregade producto sra Miguelina  0971958356 Edificio Esmeralda  5to Piso Estrella 1008 c/ Colon 195.000',NULL,'N'),(92,'2014-10-15','2014-10-15 13:24:27','2014-10-15 13:24:27',18,3,2,'F',40,1.0,'Gestion\nEntregar de una tablet 265000\n Jorge 0991821860 \nDireccion: Caazapa 1422 c/ Medicos del Chaco ',NULL,'N'),(93,'2014-10-15','0000-00-00 00:00:00','2014-10-15 03:00:00',18,4,2,'F',40,1.0,'Gestion:\nEntrega de lente (590.000) \nDireccion: Tt Fariña e/ EEUU y Parapiti \nFanny Achar 0981115602',NULL,'N'),(94,'2014-10-15','2014-10-15 19:50:05','2014-10-15 19:50:05',11,3,2,'F',40,1.0,'Gestion: Retirar Grabadora \nMayor Jose Rosa Aranda 704, casi Pedro Porto\nJunto a Emiliano del Rio \nSin horario retirar transcurso de la tarde. \n',NULL,'N'),(95,'2014-10-15','2014-10-15 19:52:55','2014-10-15 19:52:55',18,3,2,'F',40,1.0,'Gestion:\nCambio de lentes sra. Fanny 0981115602 \nDireccion:tte Fariña e/ EEUU y Parapiti (mascara maron) cobrar 35000 por envio ',NULL,'N'),(96,'2014-10-15','2014-10-15 19:54:31','2014-10-15 19:54:31',11,3,2,'F',40,1.0,'Gestion\n1-  Cambiar cheque \n2-  Comprar soda cautica \n',NULL,'N'),(97,'2014-10-15','2014-10-15 20:19:02','2014-10-15 20:19:02',15,2,2,'F',40,1.0,'Gestiones:\n1- Necesito urgente un gestor para comprar 10 canilleras para el Sr. Rol, se compra de GIGI & GOGO dirección Pettirossi c/ Mayor Fleitas – Galeria Bonanza local 6ª – 7ª\n2- Retirar unos carnets del YATCH de la Secretaría!\nFACTURAR A NOMBRE DE GUSTAVO ROL, RUC: 5541712-9\n\n ',NULL,'N'),(98,'2014-10-15','2014-10-15 20:21:50','2014-10-15 20:21:50',15,4,2,'F',40,1.0,' Gestiones   \n1- Entregar un sobre en PRICE WATER HOUSE (para Montserrat Soto)\n2-  Entregar un cheque en un edificio que está al lado de migone, 7mo piso con Claudia Soria (esto para las 15:30)',NULL,'N'),(99,'2014-10-15','2014-10-15 20:23:07','2014-10-15 20:23:07',15,3,2,'F',40,1.0,'\nGestion:\nLlevar un sobre a la Atención de JOSE BORJA SERVIN, Área Administrativa BANCO CONTINENTAL (Mcal López 3233 esq/ Gral Garay',NULL,'N'),(100,'2014-10-15','2014-10-15 20:27:09','2014-10-15 20:27:09',15,4,2,'F',80,2.0,' Gestiones:\n 1- Retirar un sobre para el BANCO GNB Centro para LIZ MARCELA ACOSTA.\n2-  Pasar a retirar por la escribanía LICITRA para retirar autenticación de certificado de      nacimiento.\n\n ',NULL,'N'),(101,'2014-10-15','2014-10-15 20:28:48','2014-10-15 20:28:48',15,4,2,'F',40,1.0,'Gestiones:\n Retirar autenticaciones de la Escribana Licitra, que pase por la escribanía directo y llevar documento a DAP.',NULL,'N'),(102,'2014-10-15','2014-10-15 20:30:03','2014-10-15 20:30:03',11,1,2,'F',40,1.0,'Gestion\nIr a comprar Ñanduti del centro 17 unidades.',NULL,'N'),(103,'2014-10-15','2014-10-15 20:33:49','2014-10-15 20:33:49',18,1,2,'F',40,1.0,'Gestiones:\n1- Entrega de aviador espejado azul Rafael Ortiz 0981621387 \nDireccion: Cacique lambare c7 San Vicente 1/2 cuadra de la municipalidad de Lambare Vision Banco 660000 + 15000 (por entrega)',NULL,'N'),(104,'2014-10-15','2014-10-15 20:37:30','2014-10-15 20:37:30',18,3,2,'F',40,1.0,'Gestion:\nDavid Galiano 0981500803 Direccion Fernando de la Mora zona zur, Soldado Ovelar c/ Policorpo Cañete y Yatayty Cora (zumizius 4x4) 660000+15000 (envio) ',NULL,'N'),(105,'2014-10-15','2014-10-15 20:41:56','2014-10-15 20:41:56',18,3,2,'F',40,1.0,'Gestion:\n1- Entrega de lentes (Bar de cejas) a una cuadra de 1 toro y 7 vacas (1460000 gs) mas 15000 envio.\n2- Marcelo Ruiz Diaz 0986305074 IPS central subsuelo 1 Anatomia patologica 1 navaja 95000gs.',NULL,'N'),(106,'2014-10-15','2014-10-15 20:45:16','2014-10-15 20:45:16',18,4,2,'F',60,1.5,'Gestiones: Pago de Essap, Protek, Migone y Ande ',NULL,'N'),(107,'2014-10-15','2014-10-15 20:53:11','2014-10-15 20:53:11',21,2,2,'A',120,3.0,'Gestiones:\n1-      Pago de factura de Copaco en San Martin\n2-      pago de el I.V.A de la empresa en Visión Banco de Eusebio Ayala\n3-      Entrega para envió de sobre en DHL EN Gral. Santos\n4-      Pasar a cobrar en la empresa Mickey sobre Félix Bogado.',NULL,'N'),(108,'2014-10-15','2014-10-15 20:55:48','2014-10-15 20:55:48',11,4,2,'F',40,1.0,'Gestion:\nIr a Printos a retirar materiales de Habitat (sobres de Ñanduti)',NULL,'N'),(109,'2014-10-15','2014-10-15 21:03:05','2014-10-15 21:03:05',23,1,2,'F',240,6.0,' Entregar sobres en las  siguientes direcciones:\n1- Colegio de Abogados del Py: 14 de Mayo 988 e/ Manduvira.\n2- Colegio de Escribanos del Paraguay: Oleary N° 1066 c/ Manduvirá.\n3- Centro de Importadores del Paraguay:  Brasilia 1947 c/ Artigas.\n4- Feprinco: Palma 751 3° piso. Edificio Unión Club\n5- Cámara de Anunciantes del Paraguay: Capitán Brizuela 475 e/ Pitiantuta y Ayala Velázquez.\n6- Ing. Manuel López Cano: Parirí 1013 c/ Tobatí\n7-Capeco: Avenida Brasilia 840 e/ Sargento Gauto y Luis de Granada.',NULL,'N'),(110,'2014-10-15','2014-10-15 21:10:08','2014-10-15 21:10:08',23,1,2,'F',160,4.0,'Gestiones; Entrega de notas \n1- SEÑOR ING. MIGUEL FORNERA\nDIRECTOR DE SUEÑOLAR\nRuta II Km. 38-Ypacarai Paraguay\n2- SEÑOR TOMAS WALDE\nDIRECTOR DE CHACOMER Av. Eusebio Ayala N° 3321 c/ Rep. Argentina\n3- SEÑORAGUSTIN MAGALLANES\nCONTI PARAGUAY S.A.\nRuta II Mcal. Estigarribia Km.22-Capiata\n4- SEÑOR FABIO ANIBAL FUSTAGNO\nDIRECTOR DE N.S.A.\nScout de Luque 705-Zarate Isla Luque',NULL,'N'),(111,'2014-10-15','2014-10-15 21:15:20','2014-10-15 21:15:20',25,3,2,'F',160,4.0,'Gestiones\nIr a la oficina COPAGRA - complejo santos. (con vehículo) retirar cheques para luego ir a ,\n1- CALLE ULTIMA SRL (Avda Eusebio Ayala 5075 c/ Mecánicos de Aviación, pagar factura N°20518 , retirar mercadería comprada y factura original, entregar retención original N°643Contacto Señor Peque.\n2- luego ir a CCP SA (compañía comercial del Py, Avda Republica Argentina 2278), pagar la factura n°2909, retirar mercadería comprada y factura original, entregar retención original n°642\n3- Ir a FRIOPAR (Avda Eusebio Ayala 3419 c/ Rca Argentina), pagar la factura n° 42619, retirar mercadería+factura y recibo original, entregar retención original n° 644\n4- por ultimo traer a la oficina todas las mercaderías compradas.',NULL,'N'),(112,'2014-10-16','2014-10-16 15:37:22','2014-10-16 15:37:22',11,3,2,'F',40,1.0,'Gestion\nIr a Habitat a hacer entrega de materiales de Ñanduti ',NULL,'N'),(113,'2014-10-16','2014-10-16 15:38:42','2014-10-16 15:38:42',15,1,2,'F',40,1.0,'Gestion\n Llevar un sobre a NGO sobre Artigas, para Ruben Santacruz\n\n ',NULL,'N'),(114,'2014-10-16','2014-10-16 15:40:51','2014-10-16 15:40:51',11,1,2,'F',40,1.0,'Gestion:\nIr a retirar documento de Buscando la vida\n Direccion: Quesada y Dr. Molas Preguntar por la Sra Mercedes.',NULL,'N'),(115,'2014-10-16','2014-10-16 15:44:19','2014-10-16 15:44:19',14,3,2,'F',40,1.0,'Gestion:\nIr a llevar regalo de Arnildo a Villa Morra.',NULL,'N'),(116,'2014-10-16','2014-10-16 16:04:13','2014-10-16 16:04:13',1,1,2,'F',60,1.5,'Gestion:\nEntrega de tazas, ir a Lambare retirar tazas llevar a Segesa (159 tazas) ',NULL,'N'),(117,'2014-10-15','0000-00-00 00:00:00','0000-00-00 00:00:00',1,4,2,'F',60,1.5,'Gestion:\nIr al domicilio de la sra. Diana retirar factura y un afiche Direccion Jose Bergues y EEUU y entregar en solar Direccion: Peru e/ España y Juan de Zalazar junto al Sr. Oscar Diaz ',NULL,'N'),(118,'2014-10-16','2014-10-16 16:17:19','2014-10-16 16:17:19',28,4,2,'F',160,4.0,'Gestiones:\n1- Granja Avícola \"LA BLANCA\nFACTURA\nentregar factura y hacer firmar nota de remisión\n09-oct\n2-Ruta 2 - Mcal Estigarribia - Capiata\nCooperativa 7 de Agosto\nFACTURA\nentregar factura y hacer firmar nota de remisión\n09-oct\nTte. Rivarola 444 c/ Calle Asunción\n3-NIKE - Zavidoro Corporation\nFACTURA\nentregar factura y hacer firmar nota de remisión\n09-oct\nGral. Rene Barrientos\n4- LYFE STYLE\nFACTURA\nentregar factura y hacer firmar nota de remisión\n09-oct\nAviadores del Chaco 2411\n5-BBVA\nFACTURA\nentregar factura y hacer firmar nota de remisión\n09-oct\nMariscal López esq. Torreani Viera',NULL,'N'),(119,'2014-10-15','0000-00-00 00:00:00','0000-00-00 00:00:00',28,3,2,'F',60,1.5,'Gestion:\n1-      Cámara de Comercio – 25 de mayo esq Mayor Bullo\n2-      TOOT – Lillio esq. Malutín\n3-      DESA – 25 de mayo 2308\n\n ',NULL,'N'),(120,'2014-10-16','2014-10-16 16:21:46','2014-10-16 16:21:46',20,4,2,'F',40,1.0,'Gestion:\nIr a Coomecipar a depositar. ',NULL,'N'),(121,'2014-10-16','2014-10-16 18:00:26','2014-10-16 18:00:26',1,1,2,'F',40,1.0,'Gestion:\nRetirar un original Direccion:Fulgencio R Moreno c/ Iturbe junto a David luego retirar del domicilio de la Sra Diana un papel vegetal y llevar amos a Lambare Direccion: 14 de mayo ',NULL,'N'),(122,'2014-10-15','2014-10-16 18:31:07','2014-10-16 18:31:07',25,3,2,'F',1,1.0,'Gestion\nLlevar sobre a Itaú de España y Brasilia.',NULL,'N'),(123,'2014-10-16','2014-10-16 18:33:46','2014-10-16 18:33:46',11,4,2,'F',40,1.0,'Gestion:\nRetirar contrato de  UNFP de Activamente De las Naciones Unidas ',NULL,'N'),(124,'2014-10-17','2014-10-17 03:00:00','2014-10-17 03:00:00',27,2,2,'F',40,1.0,'Gestión\nIr a entregar carpeta de gentileza.',NULL,'N'),(125,'2014-10-17','2014-10-17 12:58:09','2014-10-17 12:58:09',27,1,2,'F',40,1.0,'Gestion\nIr a entregar carpetas de gentileza ',NULL,'N'),(126,'2014-10-17','2014-10-17 13:38:25','2014-10-17 13:38:25',34,4,2,'F',40,1.0,'Gestión\nEnvió paquete (un libro) al Sr. Hector Duarte a Cde con la empresa Nuestra Señora..\n',NULL,'N'),(127,'2014-10-17','2014-10-17 16:53:32','2014-10-17 16:53:32',18,3,2,'F',40,1.0,'Gestión\nEntrega de herramientas Edificio cemute Calle Mayor Martinez y Lazaro de Rivera Sajonia Cuardra del Mercado 9 de Sajonia (Frente a la Escuela Peru) (el cliente devolvió el producto) herramientas',NULL,'N'),(128,'2014-10-17','2014-10-17 18:09:46','2014-10-17 18:09:46',28,1,2,'F',120,3.0,'Gestiones\n1- Zavidoro Corporation Sucursal paraguay: Gral. Rene Barrientos Nro 2482 esq. Guaviyu (Cobrar Cheque)\n2- J. Fleischman Direccion: Tte nicolas Cazenave y Tte Victor Valdez. (cobrar cheque)\n3- Quality Center  Avda España 2065 (cobrar cheque)\n4- Yegros 745 (entregar documento)',NULL,'N'),(129,'2014-10-17','2014-10-17 20:21:48','2014-10-17 20:21:48',19,4,2,'F',120,3.0,'Gestión: entrega de zapatos\n1- Lau Ortega Dirección: Gaspar R. de Francia 356 e/ Iturbe y Caballero (GS. 185000)      0983385791 \n2- Pau Mendoza Dirección; Odriozola 290 esq. Pedro Ballota e/ España y Sacramento a la vuelta casa Rica (Gs .215000) \n3-Majo Samaniego campo de la Uca (0991)267120\n',NULL,'N'),(130,'2014-10-17','2014-10-17 21:08:36','2014-10-17 21:08:36',12,2,2,'F',30,1.0,'Gestion\nIr a retirar efectivo (300.000) del domicilio de Sr Andy hacer giros tigo.',NULL,'N'),(131,'2014-10-18','2014-10-18 12:29:05','2014-10-18 12:29:05',18,4,2,'F',40,1.0,'Gestión\n1- Ir a retirar tablet  de la casa de la sra. Maga, hacer entrega a las 10hs en el shopping del Sol Pedro Quintana 0982675520 265.000gs \n2- luego ir a depositar en Banco Itau su saldo de la semana.',NULL,'N'),(132,'2014-10-20','2014-10-20 03:00:00','2014-10-20 03:00:00',12,3,2,'F',40,1.0,'Gestión\nImprimir documento, llevar al domicilio del Sr. Andres  mandar firmar y luego llevar a MAXTON S.A. Dirección: Calle Santa Margarita de Jouville Nro 325.\nAsunción - Paraguay\n',NULL,'N'),(133,'2014-10-20','2014-10-20 13:53:22','2014-10-20 13:53:22',35,1,2,'F',160,4.0,'Gestión\n1- Ver presupuesto de análisis en el San Roque Manuel Castillo 5320\n2- Llevar carpeta roja a Esc.Peroni en Dr. Caballero 1135 e/ Lillo y Sucre \n3- Llevar fotocopias a la oficina de la sra Lilian y los originales llevar a Grizzie Logan (traductora) Dirección: Eulogio Estigarribia 4670 (Averiguar costo y cuando retirar) \n4- Retirar certificado medico de Mario Sangenis esposa e/ Hijo Dr. Cesar Eliseche 3er piso sanatorio Migone.\n',NULL,'N'),(134,'2014-10-20','2014-10-20 14:05:51','2014-10-20 14:05:51',27,4,2,'F',40,1.0,'Gestión\n1- Ir a vision Banco cambiar cheque, ir a copipunto retirar material luego llevar Coomecipar',NULL,'N'),(135,'2014-10-20','2014-10-20 03:00:00','2014-10-20 03:00:00',23,3,2,'F',60,1.5,'Gestion\n Hábitat para la Humanidad entregar sobres en el Congreso.\nA la oficina del:\n* Senador Juan Carlos Galaverna.\n* Senador Carlos Núñez.\n* Diputado Carlos Portillo.\n* Diputado Edgar Acosta.\n',NULL,'N'),(136,'2014-10-20','2014-10-20 14:35:28','2014-10-20 14:35:28',11,4,2,'F',40,1.0,'Gestion\n1- Ir a Unicef entregar documento a Laura Olmedo, dejarle gentileza de San solución.\nDirección: Mcal. Lopez \n2- Ir a dejar material a Printoos de Habitat  (calendario de muestra)',NULL,'N'),(137,'2014-10-20','2014-10-20 14:43:34','2014-10-20 14:43:34',20,4,2,'F',35,1.0,'Gestion\nIr a coomecipar retirar efectivo. ( no se pudo efectivizar)',NULL,'N'),(138,'2014-10-20','2014-10-20 16:13:14','2014-10-20 16:13:14',28,1,2,'F',200,5.0,'Gestión\n1-TEISA – Cecilio da Silva 1001 – dejar factura\n2- Rochester Eventos Mcal. López 965 – retirar cheque y retirar CD si hay para TRACKING S.A. y traer a la oficina\n Llevar nota a medios\n3-Diario HOY - Av. Mariscal López 2948 casi Mc Arthu\n4-Diario 5 Días - Avenida España 1755 entre Dominicana y Pitiantuta\n5-Diario ULTIMA HORA - Benjamin Constant 658, Nuestra Señora\n6-Diario ABC COLOR – Yegros 745\n7-Diario LA NACIÓN - Av. Zavala Cué entre 2da y 3ra / Fdo. de la Mora Zona Sur - Paraguay\n ',NULL,'N'),(139,'2014-10-20','2014-10-20 18:56:21','2014-10-20 18:56:21',1,1,2,'E',140,3.5,'Gestión\n1-Entrega de kepis aseguradora tajy calle Batilana \n2- Cobranza en aseguradora Yacyreta (ir por la casa de la sra. Diana a retirar recibo) luego \n3- Retirar de vice Pte Sanchez 928 c/ Teodoro s Mongelos y llevar a Lambare \n  Dirección: 14 de mayo ',NULL,'N'),(140,'2014-10-20','2014-10-20 19:03:55','2014-10-20 19:03:55',19,3,2,'F',60,1.5,'Gestión entrega de zapato \n1-  Shopping  Mcal.Lopez\n2-  Gaspar R. de Francia 356 e/ Iturbe y Caballero \n',NULL,'N'),(141,'2014-10-20','2014-10-20 19:31:49','2014-10-20 19:31:49',36,4,2,'F',60,1.5,'Gestion\n1- Ir a la casa de la Sra Maria Gloria Canas a hacer pago de Essap y \n2- Luego ir  a la recoleta..\n\n',NULL,'N'),(142,'2014-10-20','2014-10-20 19:35:54','2014-10-20 19:35:54',36,4,2,'F',80,2.0,'Gestión\n1- Ir a coomecipar a mandar visar reposo de la sra del sr Alan luego a\n2- La casa de la sra. Maria Gloria canas ir a la recoleta. ',NULL,'N'),(143,'2014-10-20','2014-10-20 19:58:16','2014-10-20 19:58:16',18,4,2,'F',100,2.5,'Gestiones \n1- Entrega de lente de sol carmen Dirección Dominicana 1086c/ Concordia Barrio Jara 590.000gs\n2- Entrega de tablet Blu Jorge Direccion Caazapa 1422 c/ Médicos del chaco, Frente a la cooperativa Nazareth 520.000 (  retirar tablet orange )\n3- Entrega de navaja color madera Francisco Gonzalez Yegros c/ 25 de mayo edificio san Rafael 2do piso Mag',NULL,'N'),(144,'2014-10-21','2014-10-21 12:09:50','2014-10-21 12:09:50',35,1,2,'F',80,2.0,'Gestión\n1) Ver en Migraciones si nos aceptan los documentos originales del cliente Garbers (copia de la oficina) solo con apostillado, y traducción, sin necesidad de legalización en relaciones exteriores. Direccion: Caballero y Eligio Ayala \n2) Ver en la comisaria 6ta., si le compete la jurisdicción del hotel la misión, pedirle el formulario de certificado de vida y residencia, y ver cuales serian los requisitos y documentos requeridos. Direccion: Mcal. Lopez \n',NULL,'N'),(145,'2014-10-21','2014-10-21 03:00:00','2014-10-21 03:00:00',12,3,2,'F',60,1.5,'Gestión\n1- Retirar sobre de la casa del sr. Andres y llevar a Direccion: Mcal. Estigarribia 2130 esq.    Mayor Bullo Edificio Tifani, Departamento 5 D para Jaime Parcerisa \n2- Pago Protex cuenta Andres Parcerisa. (pago 200.000 gs)',NULL,'N'),(146,'2014-10-21','2014-10-21 12:48:11','2014-10-21 12:48:11',1,4,2,'F',100,2.5,'Gestiones\n1- Ir a Lambare Direccion: 14 de mayo retirar  plásticos impresos y una remera luego llevar al domicilio de la Sra Diana \n2- Y los plásticos llevar a Vice Pte. Sanchez c/TS Mongelos \n3- Ir a hacer entrega de tazas en Seguesa 17 tazas Dirección: Oliva y Alberdi ',NULL,'N'),(147,'2014-10-21','2014-10-21 13:15:31','2014-10-21 13:15:31',12,6,2,'F',40,1.0,'Gestión\n1- Ir a Copipunto  Direccion: Mcal. Lopez esq. Mariano Molas. retirar material pagar 50.000 llevar a la casa  del Sr. Andes. (preguntar por la señora Amelia)\n\n\n',NULL,'N'),(148,'2014-10-21','2014-10-21 13:20:49','2014-10-21 13:20:49',27,6,2,'F',35,1.0,'Gestion\nIr a visión Banco a cambiar cheque.',NULL,'N'),(149,'2014-10-21','2014-10-21 13:23:51','2014-10-21 13:23:51',14,6,2,'F',60,1.5,'Gestiones: Pago de facturas\n1- Atras, Villa Morra 200.000 a nombre de la Sra Maria Selva\n2- Banco Familiar a nombre de Janet Vera 140.000 (Villa Morra)\n',NULL,'N'),(150,'2014-10-21','2014-10-21 16:01:13','2014-10-21 16:01:13',37,4,2,'F',40,1.0,'Gestión:\nIr a retirar documento de la oficina de la sra. Sofia llevar a Banco Continental.\n',NULL,'N'),(151,'2014-10-21','2014-10-21 16:23:32','2014-10-21 16:23:32',7,1,2,'F',80,2.0,'Gestión:\nRetiro de recibo de dinero de la oficina (Cacique Lambaré y Dr. Luis M. Argaña) para cobro en RB Industria Publicitaria S.R.L., ubicado en Ruta Gral. Aquino nº 278 y Las Perlas – Limpio\n ',NULL,'N'),(152,'2014-10-21','2014-10-21 03:00:00','2014-10-21 03:00:00',11,6,2,'F',40,1.0,'Gestión:\nRetirar de PRINTOOS la impresión de una muestra del calendario.\nDireccion: Gómez de Castro 352 c/ Del Maestro ',NULL,'N'),(153,'2014-10-21','2014-10-21 16:32:14','2014-10-21 16:32:14',25,3,2,'F',40,1.0,'Gestión:\nIr a retirar factura de copagra y hacer cobro en Chortizer Direccion: Avda. Artigas',NULL,'N'),(155,'2014-10-21','2014-10-21 17:24:07','2014-10-21 17:24:07',11,6,2,'F',40,1.0,'Gestion \nIr a Habiat Direccion: Sgto. Primero Tomás Lombardo Nº 352 c/Ambay llevar muestra del\ncalendario. a Mirta Piris ',NULL,'N'),(156,'2014-10-21','2014-10-21 18:30:24','2014-10-21 18:30:24',14,6,2,'F',40,1.0,'Gestión \nIr a la casa de Gaspar retirar tambor llevar a Defensa Nacional 664 c/ Peru. entregar al sr. Juan ',NULL,'N'),(157,'2014-10-21','2014-10-21 18:34:13','2014-10-21 18:34:13',25,3,2,'F',40,1.0,'Gestión\nLlevar a Itau documento entregar a Javier Romero \nDirección: Brasilia Y España ',NULL,'N'),(158,'2014-10-21','2014-10-21 20:26:45','2014-10-21 20:26:45',37,4,2,'F',40,1.0,'Gestión\nIr a retirar documento de la oficina de Documenta luego llevar a Banco Continental \nDireccion: 	Avda. Mcal. López',NULL,'N'),(159,'2014-10-22','2014-10-22 11:46:16','2014-10-22 11:46:16',12,6,2,'F',100,2.5,'Gestión\n1-Pago de linea de  Personal \n2- Llevar carpeta Direccion: Ind. Nacional 811 e/ Humaita Edificio el Productor piso 12 entregar a la sra. Sofia Levi Gte. Administrativo.\n3- Llevar unos tornillos a Javier Osterag a copipunto Villa Morra.',NULL,'N'),(160,'2014-10-22','2014-10-22 14:38:33','2014-10-22 03:00:00',38,1,2,'F',120,3.0,'Gestiones\n1. Entrega de documentos en Ministerio Público Bloque 8 Segundo Piso a María José Yaluff (dpto administración), quien firmará copia de recibo. (Chile c/ Jejuy) (antes de las 13)\n2. Entrega de documentos en SET, Yegros y Presidente Franco. Departamento de Procesos (antes de las 13)\n3. Entrega de facturas con nota en ANNP - Puerto de Asunción  - Dpto Administrativo. Va con copia para acuse de recibo (antes de las 13)\n4. Pago con cheque Itau personal a Dino Galli 0982 793381, Calle Alejo Silva 3239 casi Cap Favio Martinez (cerca del CIT, Calle Ultima). Dino va a dar un recibo común con sello.',NULL,'N'),(161,'2014-10-22','2014-10-22 12:00:24','2014-10-22 12:00:24',23,4,2,'F',100,2.5,'Gestión\n- Rosa Riveros\nEntregar sobre y retirar aporte del congreso \nDireccion: Paraguayo Independiente y 14 de Mayo.\n* Entregar sobre y retirar aporte de la oficina del Diputado Dionisio Amarilla.\n* Entregar sobre para el Diputado Jorge Ávalos.\n*Entregar sobre para la Diputada Perla Acosta de Vázquez.\n* Entregar sobre para el Senador Julio César Velázquez.',NULL,'N'),(162,'2014-10-22','2014-10-22 12:02:17','2014-10-22 12:02:17',15,3,2,'F',80,2.0,'Gestión\n1-Llevar  documentos a autenticar en la Escribanía Licitra y traer de vuelta la autenticación a la oficina de DAP.\n2-Retirar encomienda de la San Pedrana y llevar de vuelta a Dap.',NULL,'N'),(163,'2014-10-22','2014-10-22 16:12:18','2014-10-22 16:12:18',22,6,2,'F',40,1.0,'Gestión\nIr a cobrar cheque  a Surcos de América \nDireccion: Eugenio Garay (Luque,San Lorenzo)\nJunto a la Sra Chani.\n',NULL,'N'),(164,'2014-10-22','2014-10-22 15:40:05','2014-10-22 15:40:05',18,4,2,'F',40,1.0,'Gestión\nEntrega de navaja a Juan Molinas \nDireccion: Tte Angel Mola y General Caballero (San Lorenzo Lucerito) colegio San Roque \n1 navaja con mango de madera  \n95000 + 15000 por el envió.',NULL,'N'),(165,'2014-10-22','2014-10-22 15:39:47','2014-10-22 15:39:47',11,3,2,'F',40,1.0,'Gestion\nRetirar de  Buscando la Vida los ultimos trabajos de los niños que faltaban para que retires, son del último proyecto sistematizado, el proyecto se llama: \"Danzas de mi pueblo, escuela Maka\". ',NULL,'N'),(166,'2014-10-22','2014-10-22 17:46:32','2014-10-22 17:46:32',22,1,2,'F',40,1.0,'Gestión\nLlevar carpeta a la sra Noelia Ibarrola \nDireccion: Vicente Meza, Barrio Mbachio Lambare ',NULL,'N'),(167,'2014-10-22','2014-10-22 17:51:51','2014-10-22 17:51:51',18,4,2,'F',40,1.0,'Gestión\nEntrega de Ray Ban Clubmaster y 1 reloj 1350000 \nDireccion:Mcal Lopez (Detras mismo del Villa Olimpia )',NULL,'N'),(168,'2014-10-22','2014-10-22 03:00:00','2014-10-22 03:00:00',32,4,2,'F',40,1.0,'Gestión\nRealizar un envío  de 6 ipad\nDireccion: Ayolas esq. Benjamín Constant (pirata bar).\n',NULL,'N'),(169,'2014-10-22','2014-10-22 20:12:28','2014-10-22 20:12:28',27,1,2,'F',40,1.0,'Gestión envió de Gentileza Andres Parcerisa\n1- Luis Carlos  Esculies Direccion: EEUU 951 \n2- Fleitas Marcelo  Direccion: Carlos A. Lopez  572 Canal 9',NULL,'N'),(170,'2014-10-22','2014-10-22 20:17:28','2014-10-22 20:17:28',27,1,2,'F',40,1.0,'Gestión envió de Gentileza Andres Parcerisa\n1-Sebastian Otazu Direccion: Del maestro 385 Gomez de Castro\n2- Javier (Achon) Acahay 306 esq. Pozo Azul',NULL,'N'),(171,'2014-10-22','2014-10-22 20:27:12','2014-10-22 20:27:12',27,3,2,'F',40,1.0,'Gestión envió de Gentileza Andres Parcerisa\n1- Goffedo Anibal Direccion: Tte Nuñez 964 \n2-Ignacio Jose Direccion: Fulgencio R.Moreno 509 esq. Mexico',NULL,'N'),(172,'2014-10-22','2014-10-22 20:39:25','2014-10-22 20:39:25',27,3,2,'F',40,1.0,'Gestión Gentileza Andres Parcerisa \n1- Carlos Anibal Cuevas Direccion: Caballero 1495 entre segunda y tercera\n2- Cino Direccion: Republica Colombia y Yegros  1444',NULL,'N'),(173,'2014-10-22','2014-10-22 20:42:39','2014-10-22 20:42:39',27,1,2,'F',40,1.0,'Gestión envió de Gentileza Andres Parcerisa\n1- Marin Abente Direccion: Tte. Vera 1696 y Viena ',NULL,'N'),(174,'2014-10-22','2014-10-22 20:44:03','2014-10-22 20:44:03',27,1,2,'F',40,1.0,'Gestion\nIr a buscar llave de la oficina de la casa de Ami ',NULL,'N'),(175,'2014-10-22','2014-10-22 20:51:04','2014-10-22 20:51:04',18,6,2,'F',40,1.0,'Gestion\nEntrega de lentes Maria Jose Calvo en el estacionamiento del IPS central.',NULL,'N'),(176,'2014-10-22','2014-10-22 20:53:05','2014-10-22 20:53:05',18,3,2,'F',40,1.0,'Gestion\nEntrega de parlantes Jose 120.000 Direccion: Santa Rosa 441 e/ España y Mcal.Lopez ',NULL,'N'),(177,'2014-10-22','2014-10-22 20:59:39','2014-10-22 20:59:39',18,3,2,'F',30,1.0,'Gestion\nEntrega de una Tablet 265000 Dirección: Sargento Martinez 1390 y Presbitero s. León Santo Domingo de Trinidad. Lady Britez ',NULL,'N'),(178,'2014-10-23','2014-10-23 11:43:27','2014-10-23 11:43:27',23,4,2,'F',120,3.0,'Gestión entrega de sobres en el  congreso.\n1-Entregar sobre y retirar aporte de la oficina del Senador Gustavo Alfonso.\n2-Entregar sobre para la Senadora Lilian Samaniego.\n3-Entregar sobre para el Senador Jorge Oviedo Matto.\n3-Entregar sobre para el Senador Enrique Bacchetta.\n4-Entregar sobre para el Senador Fernando Lugo.',NULL,'N'),(180,'2014-10-23','2014-10-23 13:11:46','2014-10-23 13:11:46',18,3,2,'F',60,1.5,'Gestión\n1- Ir a Comprar un termo chico para agua caliente, un matero, una bombilla y Yerba CBC con gusto de aroma del campo llevar al sanatorio San Roque habitación 404 \n2- Ir a hacer pago Joyería Abril 500.000',NULL,'N'),(181,'2014-10-23','2014-10-23 13:21:19','2014-10-23 13:21:19',1,6,2,'F',40,1.0,'Gestiones\n1- Retirar una remera de Casanello, Felix Bogado y llevar a Franco Automotores con el sr. Juan Jose es casi pegado al Ministerio de Hacienda sobre Cacique Lambare.',NULL,'N'),(182,'2014-10-23','2014-10-23 14:45:54','2014-10-23 14:45:54',35,1,2,'F',120,3.0,'Gestiones\n1-Buscar resultados, Inerpol dirección ;Avda. Dr. Guido Boggiani y R12 Ytororó, hacer \n fotocopias de documentos.\n2-Escribania Direccion:  Peroni en Dr. Caballero 1135 e Lillo y Sucre llevar documento\n3- Retirar resultado del sanatorio San Roque: Dirección  Eligio Ayala 1383, Asunción\n y luego llevar docuento a la casa de la sra Lilian ',NULL,'N'),(183,'2014-10-23','2014-10-23 14:53:31','2014-10-23 14:53:31',11,4,2,'F',40,1.0,'Gestion\nIr a retirar dos banner de cemika. Av. Gral. Santos #2137 c/ Obispo Maíz .',NULL,'N'),(184,'2014-10-23','2014-10-23 14:57:30','2014-10-23 14:57:30',20,1,2,'F',40,1.0,'Gestión\nRetirar efectivo de Coomecipar \nDireccion: Río de Janeiro 579 y Rosa Peña',NULL,'N'),(185,'2014-10-23','2014-10-23 19:21:25','2014-10-23 03:00:00',39,4,2,'F',200,5.0,'Gestiones entrega de facturas \n1- Avda. España 1239 – Universidad Columbia\n2- Avda. España 2580 c/ Sacramento – Martin Masi Automóviles S.A\n3- Ricardo Brugada 692 c/ Goya – Juwel S.R.L\n4-Villandry S.A Aviadores del chaco \n5-Ronal Tincke Carmen Soler 3639 c/ Gaudioso Nuñez \n6-welco S.A Roque centurion Miranda 1193 c/ Santa Ana \n7- Charpetier SRL . Avda. Mcal Lopez \n\n\n',NULL,'N'),(186,'2014-10-23','2014-10-23 17:19:16','2014-10-23 17:19:16',23,6,2,'F',40,1.0,'Gestion\nEntrega de nota a la siguiente dirección:\n* Avenida Brasilia 840 e/ Sargento Gauto y Luis de Granada. (CAPECO)\n',NULL,'N'),(187,'2014-10-23','2014-10-23 17:26:23','2014-10-23 17:26:23',39,1,2,'F',160,4.0,'Gestiones Entrega de facturas \n\n1- EE.UU 341 e/ Mcal Estigarribia – Hotel Cecilia\n2- Atenas 973 c/ Colon – Casa Particular\n3- Del trabajador c/ Avda. Perón – Noa Emprendimientos\n4- Petirossi 340 c/  Pai Perez – Astro S.A\n\n ',NULL,'N'),(188,'2014-10-23','2014-10-23 17:29:08','2014-10-23 17:29:08',13,3,2,'F',40,1.0,'Gestión\nPago de MAPFRE seguro.\nDirección: Mcal. López 910 esq. Gral. Aquino  ',NULL,'N'),(189,'2014-10-24','2014-10-24 11:18:29','2014-10-24 11:18:29',27,4,2,'F',40,1.0,'Gestiones\n1- Ir a cambiar cheque Visión Banco \nDireccion: Avda Santísima Trinidad. ',NULL,'N'),(190,'2014-10-24','2014-10-24 11:36:10','2014-10-24 11:36:10',11,1,2,'F',40,1.0,'Gestión\nEnviar dos  banner a Fortalecer \nDireccion: Jose Asunción Flores Edificio Integral\n',NULL,'N'),(191,'2014-10-24','2014-10-24 11:41:20','2014-10-24 11:41:20',13,3,2,'F',35,1.0,'Gestión\nIr a compar dos pasajes a CDE, de Nuestra Señora \nDireccion: Avda, San Martín  ',NULL,'N'),(192,'2014-10-24','2014-10-24 03:00:00','2014-10-24 12:27:16',40,6,2,'F',40,1.0,'Gestión\nEntrega de canasto de desayuno al Sr. Fernando Marcelo Jimenez Benitez ( Auditoria) Cooperativa Universitaria sobre Cacique. ',NULL,'N'),(193,'2014-10-24','2014-10-24 13:24:31','2014-10-24 13:24:31',6,1,2,'F',40,1.0,'Gestión\nRetirar del domicilio del Sr. Eduardo una caja con GPS Direccion: Ecuador 1531 c/ Médicos del Chaco (Vista Alegre) a cuadras de Fernando de la Mora luego llevar a Coomecipar Direccion: Río de Janeiro 579 y Rosa Peña departamento empresarial.\n',NULL,'N'),(194,'2014-10-24','2014-10-24 13:31:28','2014-10-24 13:31:28',27,1,2,'F',40,1.0,'Gestión \nIr a retirar carpetas san solución de Copipunto Dirección: Mcal. Lopez luego  llevar a Coomecipar. ',NULL,'N'),(195,'2014-10-24','2014-10-24 14:19:27','2014-10-24 14:19:27',41,4,2,'F',40,1.0,'Gestión \nRetirar documento de la oficina del Sr. Jesús Estigarribia Direccion: Pariri 834 C/ caazapa, barrio vista alegre Asunción, luego llevar a La Rural S.A. de Seguros Direccion: Av. República Argentina 940, Asunción. ',NULL,'N'),(196,'2014-10-24','2014-10-24 16:21:43','2014-10-24 16:21:43',23,4,2,'F',80,2.0,'Gestión\nClaudia  envió de una nota para la campaña Baños Adecuados en la empresa Pollos Don Juan; la dirección  es Ruta 1 Km 17 Nº372.\n \nEntre el horario de 10:00 a 15:00 hs.',NULL,'N'),(197,'2014-10-24','2014-10-24 16:32:45','2014-10-24 16:32:45',42,1,2,'F',40,1.0,'Gestión\nRetirar banner de la oficina de Caep \nDireccion: Paraguayo Independiente 813 e/ Ayolas y Montevideo y luego \nLevar banner  a Fernando de la Mora, Zona Sur. La dirección es Avda. Zavala Cue 1615\n',NULL,'N'),(198,'2014-10-24','2014-10-24 16:43:15','2014-10-24 16:43:15',14,6,2,'F',40,1.0,'Gestión\nIr a llevar instrumentos de la (Farra pasada) a lo de Yex \nDireccion: Lillo y Coronel Cabrera \n',NULL,'N'),(199,'2014-10-24','2014-10-24 17:26:39','2014-10-24 17:26:39',13,3,2,'F',100,2.5,'Gestiones\n1- Ir a hacer inspección vehicular en Mapfre \n2- Hacer Pago de seguro \n3- Comprar cloro para la piscina llevar a Eva\n4- Llevar a Ami a la terminar',NULL,'N'),(200,'2014-10-24','2014-10-24 17:30:23','2014-10-24 17:30:23',6,3,2,'F',40,1.0,'Gestión\nRetirar documento de Coomecipar Dirección: Río de Janeiro 579 y Rosa Peña luego llevar a Peru e/ Teniente Garay 2060 para el Sr.  Adolfo Guillen \n',NULL,'N'),(201,'2014-10-24','2014-10-24 17:33:42','2014-10-24 17:33:42',15,3,2,'F',40,1.0,'Gestión \nLlevar un documento a CLAUDIA SORIA, en Edificio Migone 7mo Piso (Eligio Ayala y Constitución) ',NULL,'N'),(202,'2014-10-24','2014-10-24 18:02:14','2014-10-24 18:02:14',3,6,2,'F',40,1.0,'Gestión\nIr a compar vaso de licuadora de SERVIPHIL S.R.L  \nDireccion: Av. Eusebio Ayala 4181 C/ R.i. 2 De Mayo - Km. 4,5, Asunción, \n',NULL,'N'),(203,'2014-10-27','2014-10-27 11:44:23','2014-10-27 11:44:23',18,3,2,'F',40,1.0,'Gestión\nIr a la costa a  retirar resultado del Papa de la sra. Maga  llevar al sanatorio San Roque ',NULL,'N'),(204,'2014-10-27','2014-10-27 12:03:04','2014-10-27 12:03:04',12,1,2,'F',40,1.0,'Gestion\nIr a la casa del sr. Andy a retirar merienda de Leo llevar al colegio \nDireccion: Coordillera Aguarague 979 e/ Futsal88 (Ex Tte. Rivas)\nAsunción',NULL,'N'),(205,'2014-10-27','2014-10-27 12:24:08','2014-10-27 12:24:08',27,1,2,'F',40,1.0,'Gestión\nIr a hacer copia de contrato de Lurbana Librería Ula Ula Direccion: Avda San Martín \n\n',NULL,'N'),(206,'2014-10-27','2014-10-27 03:00:00','2014-10-27 03:00:00',43,4,2,'F',40,1.0,'Gestión\nIr a la oficina del sra Enrique retirar nota presentar en tigo para retirar chip luego llevar a Direccion: Cruz del Defensor 1887 c/ Albino Mendez (detrás de la iglesia San Rafael)  \n',NULL,'N'),(207,'2014-10-27','2014-10-27 13:04:04','2014-10-27 13:04:04',7,3,2,'F',40,1.0,'Gestión\nIr al domicilio del sr. Andres retirar bolsa con medicamentos Direccion: Del Maestro 321 c/ Concejal Vargas (Barrio Herrera)  luego llevar a Imagen SRL.\n',NULL,'N'),(210,'2014-10-27','2014-10-27 13:14:04','2014-10-27 13:14:04',27,1,2,'F',40,1.0,'Gestión\nIr a la Escribania a mandar autenticar documentos de Lurbana S.A \nDireccion: Avda. Artigas.\n',NULL,'N'),(211,'2014-10-27','2014-10-27 15:26:47','2014-10-27 15:26:47',23,4,2,'F',80,2.0,'Gestiones:\n Entregar sobres en el Congreso:\n Dirección: Paraguayo Independiente y 14 de Mayo\n* En la  oficina del Diputado Mario Cáceres González.\n* En la  oficina del Diputado Enrique Javier Pereira Thalmann.\n* En la  oficina del Diputado Carlos Alberto Nuñez Salinas\n * En la  oficina del Diputado Felix Fernando Ortellado Zorrilla',NULL,'N'),(212,'2014-10-27','2014-10-27 15:30:37','2014-10-27 15:30:37',13,1,2,'F',35,1.0,'Gestion\nIr a buscar a Leo del colegio Pisa Pisuela y llevarle a su casa.',NULL,'N'),(213,'2014-10-27','2014-10-27 17:14:08','2014-10-27 17:14:08',20,3,2,'F',40,1.0,'Gestión\nIr a Coomecipar a retirar efectivo \nDirección: Río de Janeiro 579 y Rosa Peña',NULL,'N'),(214,'2014-10-27','2014-10-27 17:43:36','2014-10-27 17:43:36',11,1,2,'F',40,1.0,'Gestión\nIr a lo de Ami a retirar su almuerzo, un porta retrato traer a la oficina.\n',NULL,'N'),(215,'2014-10-27','2014-10-27 19:27:39','2014-10-27 19:27:39',18,1,2,'F',80,2.0,'Gestión\n1- Envió de 3 navajas 95.000 c/u Direcion: Dr Morra 275 esquina Andrade Javier Ramirez preguntar por Juan Carlos o Gisel.\n una navaja de 95.000 gris con naranja \n2- Toma de Presión 285.000 a Guapoy 3274 e/ Paraiso y Guarayos Gladys Rojas \n ',NULL,'N'),(216,'2014-10-27','2014-10-27 03:00:00','2014-10-27 03:00:00',38,4,2,'F',80,2.0,'1.Cobro en cheque PRV Stores, España 2045 esq Luis de Morales 3er piso en Recepción, lleva los siguientes docs\na. Factura Credito, (debe firmar la copia de recibido) b.Recibo c.Va a recibir cheque\n2.Entregar documentos en Escribania Barrios, Padre di perna casi Eusebio Ayala. (yendo de san Lorenzo a asuncion es una cuadra antes del viaducto de calle última, 30mts de la ruta a la mano derecha siempre yendo desde san Lorenzo).',NULL,'N'),(217,'2014-10-27','2014-10-27 20:14:30','2014-10-27 20:14:30',11,1,2,'F',40,1.0,'Gestión\nIr a llevar celular de la Sra Ami a la conmebol\nde paso dejar pen de Activamente en su casa.',NULL,'N'),(218,'2014-10-28','2014-10-28 13:01:35','2014-10-28 03:00:00',11,4,2,'F',40,1.0,'Gestión\n Retirar de Hábitat un documento anillado que es el documento del Plan de Comunicación de  Hábitat. Lo tiene Mary. Ese libro hay que llevar a Printoos y dejar para que corrijan. \n',NULL,'N'),(219,'2014-10-28','2014-10-28 13:09:10','2014-10-28 13:09:10',18,3,2,'F',40,1.0,'Entrega de Producto\nDirección: Cruz del Chaco 450 e/Hasler y Campo Cevera, Villa Morra precio \n85.000 David Gerber 0971205938',NULL,'N'),(220,'2014-10-28','2014-10-28 14:15:12','2014-10-28 14:15:12',27,1,2,'F',40,1.0,'Gestiones\n1-Ir a Gráfica Alianza a retirar factura de Lurbana S.A\n2-Ir a retirar pago de servicios de EG Comunicaciones \n',NULL,'N'),(221,'2014-10-28','2014-10-28 14:52:27','2014-10-28 14:52:27',13,1,2,'F',35,1.0,'Gestión\nIr a buscarle a Eva luego buscar a Leo del colegio Pisa Pisuela ',NULL,'N'),(222,'2014-10-28','2014-10-28 15:59:44','2014-10-28 15:59:44',28,4,2,'F',40,1.0,' \nESSAP – pago de factura (2)\nDirección: José Berges 516 entre San José y Brasil (Como llegar)\nTelefax: +595 21 210 319\nHorario: atención y pago de facturas de 07:00 a 15:00\n ',NULL,'N'),(223,'2014-10-28','2014-10-28 16:02:03','2014-10-28 16:02:03',28,4,2,'F',40,1.0,'Gestión \n1- SUDAMERIS – pago - Sucursal Villa Morra\nDirección: Avda. Mcal. López casi Malutin - Barrio Villa Morra\nTeléfonos (021) 663-009\n2- Entregar documento a BBVA Dirección: Mcal Lopez ',NULL,'N'),(224,'2014-10-28','2014-10-28 16:32:46','2014-10-28 16:32:46',23,3,2,'F',80,2.0,'Entregar sobres en el Congreso\n1- En la  oficina del Diputado Ramón Romero Roa \n2- En la  oficina del Diputado Purificación Morel Alfonzo\n3- En la  oficina del Diputado Hugo Adalberto Velazquez Moreno \n4- En la  oficina del Diputado Salustiano Salinas Montania\n5- En la  oficina del Diputado Olimpio Rojas Villalba\n6- En la  oficina del Diputado Miguel Tadeo Rojas Meza',NULL,'N'),(225,'2014-10-28','2014-10-28 16:38:51','2014-10-28 16:38:51',23,3,2,'F',40,1.0,'Entregar sobres en el Congreso\n* En la oficina de la senadora Desireé Masi.\n* En la oficina de la senadora Esperanza Martínez.',NULL,'N'),(226,'2014-10-28','2014-10-28 17:05:09','2014-10-28 17:05:09',18,3,2,'F',40,1.0,'Entrega \n- 3 navajas de 95000 a Javier Ramirez Amarilla Escribania Turtola Ramirez  \nDireccion; San Martín y Mcal.Lopez ',NULL,'N'),(227,'2014-10-28','2014-10-28 17:43:58','2014-10-28 17:43:58',7,4,2,'F',60,1.5,'Gestión\nIr a la oficina del Sr. Andres retirar factura luego ir a Embotelladora Central S.a.c.i \nDireccion: Manuel Ortíz Guerrero y De Las Flores, San Lorenzo, ',NULL,'N'),(228,'2014-10-28','2014-10-28 18:40:11','2014-10-28 18:40:11',18,1,2,'F',40,1.0,'Gestión\nEntrega de Ray Ban  Direccion: Independencia Nacional 874 c/ Piribebuy, Edificio Beckelman planta baja. (no compro ninguno) pago 15000 por el envio ',NULL,'N'),(229,'2014-10-28','2014-10-28 03:00:00','2014-10-28 03:00:00',1,3,2,'F',120,3.0,'Gestión\nRetirar recibo del domicilio de la Sr. Diana luego llevar a Tajy, retirar pago \nllevar muestra de remera en el centro  Fulgencio R Moreno e Iturbe \nluego ir a 14 de mayo casi boquerón en la ciudad de lambare ',NULL,'N'),(230,'2014-10-28','2014-10-28 19:43:31','2014-10-28 19:43:31',11,1,2,'F',40,1.0,'Gestión\nPago de DENDE Adolfina Cabrera \nDireccion: De las palmeras 5224 e/ Cruz del Chaco y Cruz del defensor ',NULL,'N'),(231,'2014-10-29','2014-10-29 12:12:34','2014-10-29 12:12:34',44,1,2,'F',40,1.0,'Gestión\nRetirar equipo de terere y vianda del domicilio del sr. Bruno Dirección: Juan Manuel Torres Villanueva 1141 esq. Moreno Gonzalez (duplex) llevar a Peru 708 c/ Genaro Ruiz,\n Estudio Jurídico ',NULL,'N'),(232,'2014-10-29','2014-10-29 12:34:12','2014-10-29 12:34:12',13,3,2,'F',40,1.0,'Gestion\nir a cambiar 200 (dolares a guaranies) Maxi Cambio Shopping del sol ',NULL,'N'),(233,'2014-10-29','2014-10-29 12:43:40','2014-10-29 12:43:40',14,1,2,'F',40,1.0,'Gestión\nIr a la UNA,  Cemit junto al Sr. Vicente Bracho hacer firmar documentos llevar a lo de Gaspar Entregar al Sr, Niki \n',NULL,'N'),(234,'2014-10-29','2014-10-29 12:47:45','2014-10-29 12:47:45',27,4,2,'F',40,1.0,'Gestión\nIr a hacer pago de Copaco \n',NULL,'N'),(235,'2014-10-29','2014-10-29 13:48:53','2014-10-29 13:48:53',43,4,2,'F',40,1.0,'Gestión\nIr a oficina del sr. Enrique retirar efectivo para pagos varios, luego llevar factura a Teniente  Vera 1696 esq. Viena (ladrillo Visto)\n',NULL,'N'),(236,'2014-10-29','2014-10-29 14:40:43','2014-10-29 14:40:43',35,1,2,'F',80,2.0,' Gestiones varias\n1- Ir al ministerio de Salud Dirección: Azara y Brasil\n2- Escribanía: Cualquiera de dos escribanias que estan en frente a Migraciones\n3.- Migraciones  Direccion: Caballero N° 201 esquina Eligio Ayala',NULL,'N'),(237,'2014-10-29','2014-10-29 14:48:39','2014-10-29 14:48:39',36,3,2,'F',80,2.0,'Gestión\nRetirar documento de Parpack   luego llevar al consulado de Colombia (visar documento) Dirección: Coronel Brizuela 3089/ esquina Ciudad del Vaticano\n \n',NULL,'N'),(238,'2014-10-29','2014-10-29 17:07:37','2014-10-29 17:07:37',45,1,2,'F',40,1.0,'Gestion\nIr a la oficina de la sra Lilian dirección: Ri 18  Pitiantuta c/ Rivarola Matto  retirar un  sobre e ir a entregar a Direccion: Teniente Frutos e/ Del León y la fuente ',NULL,'N'),(239,'2014-10-29','2014-10-29 17:20:44','2014-10-29 17:20:44',23,4,2,'F',80,2.0,' Entregar sobres en el Congreso: (Gestión Claudia Villasanti) \n1-En la  oficina de la Diputada Del Pilar Eva Medina de Paredes. \n2-En la  oficina de la Diputada Maria Cristina Villalba López.\n3-En la  oficina de la Diputada Blanca Marina Vargas de Caballero. \n4-En la  oficina del Diputado Víctor Ríos Ojeda.\n5-En la  oficina del Diputado Sergio Rojas Sosa.\n6-En la  oficina del Diputado Pastor Alberto Vera Bejanaro.\n ',NULL,'N'),(240,'2014-10-29','2014-10-29 17:26:19','2014-10-29 17:26:19',23,4,2,'F',80,2.0,' Entregar de sobres en el Congreso  (Gestión Rosa) \n 1-A la oficina del Diputado Enrique Buzarquis\n2-A la oficina de la diputada Olga Ferreira\n3- A la oficina de la Senadora Mirta Gusinky\n4-A la oficina del diputado Víctor Luis González\n5-A la oficina del Senador Luis Alberto Castiglioni \n6- A la oficina del Diputado Miguel Angel Del Puerto\n7- A la oficina del Senador Eduardo Petta',NULL,'N'),(241,'2014-10-29','2014-10-29 19:27:54','2014-10-29 19:27:54',46,1,2,'F',40,1.0,' Gestión Actualizada \n Entrega de muestras en \n1- Yaguarete\n2- Mapfre, seguro Mcal. Lopez y General Aquino \n',NULL,'N'),(242,'2014-10-30','2014-10-30 12:18:03','2014-10-30 12:18:03',46,4,2,'F',40,1.0,'Entrega \nIr a llevar muestra de regalo empresarial a Rumbos S.A\nDireccion: Estrella',NULL,'N'),(243,'2014-10-30','2014-10-30 13:14:47','2014-10-30 13:14:47',14,1,2,'F',40,1.0,'Gestión\n1- Ir a hacer pago de Ande (Pago de dos facturas) \n2- Pago de Factura Banco Familiar a nombre de Janet vera Gaona ci. 398366',NULL,'N'),(244,'2014-10-30','2014-10-30 14:38:49','2014-10-30 14:38:49',23,3,2,'F',80,2.0,'Entrega sobres y retirar aporte de: (pedido de Rosa)\n1- Retirar aporte de la oficina del Senador Derlis Osorio. 1.000.000gs. OBS: PARA LAS 11:00 DEBE ESTAR EN SU OFICINA.\n* Entregar sobres para:\n2- Senador Enzo Cardozo\n3- Senadora Emilia Alfaro\n4- Senadora Blanca Ovelar\n5 - Senador Mario Abdo Benítez\n6- Senador José Manuel Bóbeda\n7 -Diputado Dany Durand',NULL,'N'),(245,'2014-10-30','2014-10-30 14:45:41','2014-10-30 14:45:41',23,3,2,'F',100,2.5,'Entregar sobres en el Congreso: (pedido de claudia)\n1- En la  oficina de la Diputada Esmérita Sanchez de Da Silva.\n2- En la  oficina de la Diputada Karina Andrea Rodriguez.\n3- En la  oficina del Diputado Celso Troche Alvarez.\n4- En la  oficina del Diputado Eber Osvaldo Ovelar Benitez.\n5- En la  oficina del Diputado Andrés Retamozo Ortiz.\n6- En la  oficina del Diputado Mario Walberto Soto Estigarribia.\n7- En la  oficina del Diputado Nazario Tomas Rojas Salvioni.\n8-  En la  oficina del Diputado Tomas Fidelino Rivas Benitez.\n9-  En la  oficina del Diputado Juan Bartolomé Ramirez Brizuela.\n10- En la  oficina del Diputado Oscar Luis Tuma Bogado.\n11- En la  oficina del Diputado Concepción Quintana López.\n12- En la  oficina del Diputado Oscar Venancio Nuñez Giménez.\n ',NULL,'N'),(246,'2014-10-30','2014-10-30 16:38:57','2014-10-30 16:38:57',28,1,2,'F',60,1.5,'Gestión\n1- Mandar Firmar documento en el domicilio de la Sra Maria Ines\n2- Llevar  dos sobres a la Camara Paraguaya  Americana \n3- Pagar la luz \n4- Depositar Itau \n',NULL,'N'),(247,'2014-10-30','2014-10-30 16:48:44','2014-10-30 16:48:44',28,4,2,'F',40,1.0,'Enviar un teléfono celular a galería central el negocio Ferrari  \nGalería Central: Palma c/ 15 de Agosto\nOBS: Necesito que vea si se puede solucionar el problema o de lo contario comparar un adaptador de chip y colocar a otro celular … y traer de vuelta a la oficina.\n\n ',NULL,'N'),(248,'2014-10-30','2014-10-30 18:24:12','2014-10-30 18:24:12',1,1,2,'F',120,3.0,'Gestiones\n1- Retirar efectivo de la casa de la Sra Diana 300.000gs de ahi pasar a Lambare sobre la calle 14 de Mayo (retirar un bolsa de 30 remeras blancas y llevar a Cedro c/ Carios preguntar por Angel.\n2- Retirar de la casa de la Sra Lili 10 termos forrados y entregar en seguridad seguros Direccion: Mcal. Lopez Preguntar por la Sra Pilar \nDireccion para retirar los termos Honduras c/ Batilana \nretirar de la misma empresa carretel telas y juego de cuellos y pretinas llevar esto hasta Casanello direcion: Felix bogado \n',NULL,'N'),(249,'2014-10-30','2014-10-30 18:47:09','2014-10-30 18:47:09',1,6,2,'F',40,1.0,'Gestión\nRealizar cobranza en Da Vinci\n Direccion: Choferes del chaco frente a Agrofield \n',NULL,'N'),(250,'2014-10-30','2014-10-30 20:00:05','2014-10-30 20:00:05',46,4,2,'F',80,2.0,'Gestiones\n1- Entrega de conservadora a Carolina Duarte de Financiera Ara \n2- Nathalia Gonzalez un juego de porcelana en Mapfre Seguros ',NULL,'N'),(251,'2014-10-30','2014-10-30 20:22:40','2014-10-30 20:22:40',47,3,2,'F',40,1.0,'Gestión\n1- Ir a DHL junto a la sra Dora retirar documento llevar al Aeropuerto Silvio Petirossi \n(se fue dos veces al mismo lugar) ',NULL,'N'),(252,'2014-10-31','2014-10-31 11:48:20','2014-10-31 11:48:20',30,3,2,'F',60,1.5,'Entregar una cajas en FAPASA (Farmacéutica Paraguaya S.A.)\nPlanta Industrial\nDirección: Waldino Ramón Lovera esquina Del Carmen.\nFernando de la Mora - Paraguay\nTeléfono: 674536\nEntregar la caja a la Sra. Rosa del Valle, del Dpto. Control de Calidad',NULL,'N'),(253,'2014-10-31','2014-10-31 12:53:28','2014-10-31 12:53:28',48,1,2,'F',100,2.5,'Gestión entrega de documentos:\n1- Colegio Comercio 1 \n2- Colegio  Centro Educativo San Pablo \n3- Colegio Nazareth',NULL,'N'),(254,'2014-10-31','2014-10-31 14:09:11','2014-10-31 14:09:11',49,4,2,'F',40,1.0,'Gestión\nRetirar sello  de la oficina de la sra Lorena Direccion: Guido Espano 2676 c/ Denis Roa llevar a Banco Continental, San Lorenzo Ruta Mcal. Estigarribia ',NULL,'N'),(255,'2014-10-31','2014-10-31 14:11:46','2014-10-31 14:11:46',15,6,2,'F',40,1.0,'Gestión\nRetirar documento de 25 de Mayo esq. Vice Presidente Sanchez 2308 luego llevar a DAP \n',NULL,'N'),(256,'2014-10-31','2014-10-31 16:58:03','2014-10-31 16:58:03',39,1,2,'F',120,3.0,'Gestiones\n1- Petirossi 340 c/ Pai Pérez  -  Astro S.A\n2- EE.UU 341 esq. Mcal Estigarribia - Hotel Cecilia.\n3- Mcal López N 5557 - Cuevas Hnos\n4- Del trabajador c/ Av. Perón - Noa Emprendimientos\n',NULL,'N'),(257,'2014-10-31','2014-10-31 17:14:39','2014-10-31 17:14:39',11,4,2,'F',35,1.0,'Gestiones\nIr a hacer pago  de muestra de calendario en Printoos',NULL,'N'),(258,'2014-10-31','2014-10-31 17:16:50','2014-10-31 17:16:50',20,4,2,'F',35,1.0,'Gestión\nIr a hacer pago de  ahorro programado de cuenta hermanos.',NULL,'N'),(259,'2014-10-31','2014-10-31 18:35:22','2014-10-31 18:35:22',11,1,2,'F',40,1.0,'Gestión\nIr a hacer pago de arreglo de computadora de la oficina en  (LIMGESA)  ',NULL,'N'),(260,'2014-10-31','2014-10-31 18:40:48','2014-10-31 18:40:48',23,3,2,'F',40,1.0,'Entregar sobres en el Congreso: (Pedido de Claudia) \n1- En la  oficina de la Diputada   Mirta Ramona Mendoza Díaz\n2- En la  oficina del Diputado Bernardo Villalba Cardozo\n',NULL,'N'),(261,'2014-10-31','2014-10-31 18:46:07','2014-10-31 18:46:07',23,3,2,'F',140,3.5,'Entrega de sobres en el congreso \n1- Oficina Senador Fernando Silva Facetti\n2- Senador Oscar González Daher\n3- Senador Blas Antonio Llano\n4- Senador Julio Quiñónez\n5- Senador Miguel Abdón Saguier\n6- Senador Julio César Franco\n7- Senadora Zulma Gómez\n8- Senador Victor Bogado\n9- Senador Carlos Filizzola.',NULL,'N'),(262,'2014-10-31','2014-10-31 18:53:49','2014-10-31 18:53:49',18,3,2,'F',40,1.0,'Entrega de Productos\n1-Perfume Fantasy 190.000 Sonia Benitez Direccion: Artigas 1645( Empresa Datalab)\n2-Perfume Light Blue de Dolce & Gabbana  Patricia Aranda Detras del club Rubio Ñu, Trinidad de los Angeles 791 c/ Juana Pabla Carillo 330.000gs ',NULL,'N'),(263,'2014-10-31','2014-10-31 19:54:04','2014-10-31 19:54:04',1,6,2,'F',120,3.0,'Gestion\n1- Ir a la casa de la Sra Diana a retirar recibos luego \n2 - Ir a comprar 23 mts de tela  Oxford en color blanco de Amado Jure Importaciones    Direccion: 25 de Mayo 85 \n3- Ir a cobrar en solar 280.000 Area de Tesoreria, Peru c/ Juan de Zalazar \n4-  Pasar a cobrar a Tajy ',NULL,'N'),(264,'2014-10-31','2014-10-31 20:06:14','2014-10-31 20:06:14',46,4,2,'F',40,1.0,'Entrega de regalo Empresarial \nLasca Direccion: Mariscal  Estigarribia \nde paso buscar registro de la sra. Nilda Benza',NULL,'N'),(265,'2014-11-03','2014-11-03 11:26:07','2014-11-03 11:26:07',11,1,2,'F',40,1.0,'Gestiones\nIr a cambiar cheque de Itau luego ir a depositar efectivo a visión Banco.',NULL,'N'),(266,'2014-11-03','2014-11-03 11:30:59','2014-11-03 11:30:59',27,3,2,'F',40,1.0,'Gestión\nIr a visión Banco a cambiar cheque (sueldo Lurbana S.A)\n',NULL,'N'),(267,'2014-11-03','2014-11-03 14:02:04','2014-11-03 14:02:04',39,1,2,'F',160,4.0,'Entrega de Facturas \n1- Avda. Madame Lynch 900 c/ Aviadores del Chaco\n2- Ricardo Brugada 196 c/ Luis Morales\n3- Avda. Mcal. López 5557\n4- Vice-Pte. Sanchez c/ Mcal. Estigarribia\n5-Avda. España 766 c/ Gral. Garay\n6-Avda. Aviadores del Chaco 1.727 c/ Dr. César López Moreira\n7-Avda. España 1758 e/ Pitiantuta y Rca. Dominicana\n Sucre casi san Martin',NULL,'N'),(268,'2014-11-03','2014-11-03 15:01:04','2014-11-03 15:01:04',18,3,2,'F',40,1.0,'Entregas\n1- Perfume Fantasy Lura Jara 7ma Proyectada nro 912 entre Montevideo y Colon 190.000gs\n2-  Perfume Fantasy Daysi Lopez Queda 24 Proyectadas y Yegros  190.000gs',NULL,'N'),(269,'2014-11-03','2014-11-03 15:02:54','2014-11-03 15:02:54',13,2,2,'F',40,1.0,'\nIr a buscar a Leo del Colegio Pisa Pisuela ',NULL,'N'),(270,'2014-11-03','2014-11-03 16:48:36','2014-11-03 16:48:36',11,3,2,'F',40,1.0,'Gestión\nIr a visión banco a cambiar cheque (Sueldo Activamente)',NULL,'N'),(271,'2014-11-03','2014-11-03 17:09:47','2014-11-03 17:09:47',20,1,2,'F',40,1.0,'Gestión\nIr a Coomecipar a cambiar extracto  por efectivo ',NULL,'N'),(272,'2014-11-03','2014-11-03 17:50:19','2014-11-03 17:50:19',11,1,2,'F',40,1.0,'Gestión\nIr a llevar Pen a Buscando la vida entregar Mercedes luego retirar factura de lo de Eduardo Prieto.',NULL,'N'),(273,'2014-11-03','2014-11-03 18:36:13','2014-11-03 18:36:13',18,3,2,'F',40,1.0,'Entrega de juego de Poker Santiago Villanueva 0981769275 (a la vuelta de la comisaria 12 Sobre la Calle Quito 164 c/ Molas Lopez. 185.000gs',NULL,'N'),(274,'2014-11-03','2014-11-03 19:04:01','2014-11-03 19:04:01',23,1,2,'F',40,1.0,'Entrega de sobres en el Congreso: (Pedido Claudia)\n* En la  oficina del  Diputado Pablino Acasio Rodriguez Arias.\n',NULL,'N'),(275,'2014-11-04','2014-11-04 11:35:35','2014-11-04 11:35:35',23,1,2,'F',120,3.0,'Entrega de sobres en el Congreso \n1- Oficina del Diputado Nestor Ferrer\n2- Diputado Agustín Florentín\n3-Diputado Walter Harms\n4-Diputado Celso Kennedy\n5-Diputado Luis Alberto Larré\n6- Diputado Hector Lesme\n7-Diputado Marcial Lezcano\n8- Diputado Juan Félix Bogado\n9-Diputado Clemente Barrios\n10-Diputado Jorge Baruja\n11- Diputado Hércules Alliana\n12-Diputado Eusebio Alvarenga\n13-Diputado Elio Cabral\n14-Diputado José Adorno Mazacotte\n15-Diputado Pedro Britos\n16-Diputado Antonio Cardozo.',NULL,'N'),(276,'2014-11-04','2014-11-04 13:43:55','2014-11-04 13:43:55',50,4,2,'F',40,1.0,'Gestión\nRetirar del domicilio de la sra Marta, unos quesos llevar a la Dirección: Profesor Gomez Rios 479 c/ Iturbe (detras del cpj) se le entrego a la Sra. Manuela Vidal \n',NULL,'N'),(277,'2014-11-04','2014-11-04 13:46:50','2014-11-04 13:46:50',36,3,2,'F',40,1.0,'Gestión\nIr a la casa de la Sra Maria Gloria retirar efectivo ir a pagar impuesto en la Municipalidad de Asunción. ',NULL,'N'),(278,'2014-11-04','2014-11-04 15:46:46','2014-11-04 15:46:46',11,4,2,'F',40,1.0,'Gestión\nIr a  Unicef a llevar Factura a Laura Olmedo ',NULL,'N'),(279,'2014-11-04','2014-11-04 16:47:30','2014-11-04 16:47:30',23,4,2,'F',40,1.0,'- Retiro de aporte  Maria Gabriela Frutos Silva  Teléfono: 281-977\nDirección: Marcelino Ayala Nro 2400 c/ Soldado Acosta Barrio Trinidad.\n Aporte: 90.000 guaraníes en cheque \n\n\n ',NULL,'N'),(280,'2014-11-04','2014-11-04 16:55:08','2014-11-04 16:55:08',23,4,2,'F',40,1.0,'Entrega de sobre\n* América 244 casi Mariscal López (Para el Dr. Federico Franco)',NULL,'N'),(281,'2014-11-04','2014-11-04 18:10:36','2014-11-04 18:10:36',46,3,2,'F',40,1.0,'Gestiones\n1- Entrega de documento en Banco Itau (Brasilia)\n2- Entrega de Regalos empresariales en Condor (San Martin)',NULL,'N'),(282,'2014-11-04','2014-11-04 18:27:03','2014-11-04 18:27:03',11,3,2,'F',40,1.0,'Gestion\nIr a llevar cargador de notebook a Ami en Dequeni ',NULL,'N'),(283,'2014-11-04','2014-11-04 19:27:41','2014-11-04 19:27:41',38,1,2,'F',200,5.0,'1. Escribanía Barrios – Retirar protocolización (pagar con cheque 660.000gs) E Ayala y calle Ultima (hacer primero)\n2. MOPC, todo en misma mesa de entrada. Oliva y Alberdi hasta las 17:00hrs\na. Entregar protocolización de Escribanía (punto 1) más nota de ETI\nb. Entregar factura con nota c. Entregar póliza con nota\n3. ANNP (puerto) depto. UOC: Entregar poliza de seguro con nota, hasta las 13:00hrs\n4.  Ministerio Publico Bloque 8 (chile) entrega de documentos hasta las 13:00hrs\n5. Alianza Francesa (Mcal Estigarribia 1039 casi EEUU): Entrega de factura en recepción (cierran entre las 12 y las 14)\n6. Cedial: Cerro Cora 1038, edificio UIP 2do piso, entrega de factura\n7. Sensormatic (Facundo Machain 6680 cerca de ande Boggiani) retiro de factura a nombre de Octavio Ferreiro\n8.   Indalco: Angel Lopez 950 casi facundo Machain (calle una cuadra paralela a Boggiani a   la altura de ANDE\na.entrega de factura  b. retiro de pedido (pantalones mas bota)',NULL,'N'),(284,'2014-11-04','2014-11-04 20:01:42','2014-11-04 20:01:42',25,1,2,'F',40,1.0,'Gestión\nIr a Copagra a retirar documento, llevar a Banco Regional \nFue entregado a Enrique Torras ',NULL,'N'),(285,'2014-11-04','2014-11-05 02:49:24','2014-11-05 02:49:24',16,6,2,'P',40,1.0,'123456789012345678901234567890123456789012345678901234567890123456789012345678901234567890123456789012345678901234567890123456789012345678901234567890123456789012345678901234567890123456789012345678901234567890123456789012345678901234567890123456789012345678901234567890123456789012345678901234567890123456789012345678901234567890123456789012345678901234567890123456789012345678901234567890123456789012345678901234567890123456789012345678901234567890123456789012345678901234567890123456789012345678901234567890123456789012345678901234567890123456789012345678901234567890123456789012345678901234567890123456789012345678901234567890123456789012345678901234567890123456789012345678901234567890123456789012345678901234567890123456789012345678901234567890123456789012345678901234567890123456789012345678901234567890123456789012345678901234567890123456789012345678901234567890123456789012345678901234567890123456789012345678901234567890123456789012345678901234567890123456789012345678901234567890123456789012345678901234567890123456789012345678901234567890123456789012345678901234567890123456789012345678901234567890123456789012345678901234567890123456789012345678901234567890123456789012345678901234567890123456789012345678901234567890123456789012345678901234567890123456789012345678901234567890123456789012345678901234567890123456789012345678901234567890123456789012345678901234567890123456789012345678901234567890123456789012345678901234567890123456789012345678901234567890123456789012345678901234567890',NULL,'N'),(286,'2014-11-05','2014-11-05 12:42:18','2014-11-05 12:42:18',27,1,2,'F',40,1.0,'Gestión\nIr a comprar vidrio para escritorio de la oficina (Vidreria Artigas retirar  a las 14:30 hs) \ncosto 80.000 ',NULL,'N'),(287,'2014-11-05','2014-11-05 12:44:09','2014-11-05 12:44:09',27,3,2,'F',40,1.0,'Gestión\nIr a comprar rueditas para la Silla de Gaspar  (Plaza Oferta)',NULL,'N'),(288,'2014-11-05','2014-11-05 12:46:08','2014-11-05 12:46:08',27,4,2,'F',40,1.0,'Gestión\nIr a mandar imprimir en Craff Folleto de presentación San Solución (5 Unidades)\nal costado del colegio Americano.',NULL,'N'),(289,'2014-11-05','2014-11-05 12:55:50','2014-11-05 12:55:50',27,1,2,'F',40,1.0,'Gestión\nIr a cambiar cheque Vision Banco, Santisima Trinidad  pago contadora \n',NULL,'N'),(290,'2014-11-05','2014-11-05 14:03:00','2014-11-05 14:03:00',46,3,2,'F',40,1.0,'Gestión\n 1- a retirar de la oficina de  Grupo Positivo 50 carpetas, entregar en Registro de marcas Dirección: España y EEUU.\n2- Ir a entregar un sobre a la Municipalidad de Asunción, el sobre fue  entregado en propias manos a Gustavo.',NULL,'N'),(291,'2014-11-05','2014-11-05 15:06:37','2014-11-05 15:06:37',27,4,2,'F',40,1.0,'Gestión\nIr a Visión Banco a cambiar cheque pago para IPS (funcionarios de Lurbana SA.)',NULL,'N'),(292,'2014-11-05','2014-11-05 17:13:05','2014-11-05 17:13:05',11,1,2,'F',40,1.0,'Gestiones\n1- Pago de Copaco \n2- Pago de Internet Vox',NULL,'N'),(293,'2014-11-05','2014-11-05 18:27:20','2014-11-05 18:27:20',32,4,2,'A',40,1.0,'Ir a la oficina de Mambo, Preguntar por Renato Pompa  retirar Factura y llevar a Unilever (Villa Elisa)',NULL,'N'),(294,'2014-11-05','2014-11-05 18:48:35','2014-11-05 18:48:35',11,1,2,'F',40,1.0,'Gestion\nIr a llevar muestra de casita a Mister Willy\nDireccion: Saturio Rios Fernando de la Mora zona Sur',NULL,'N'),(295,'2014-11-06','2014-11-06 11:55:05','2014-11-06 11:55:05',6,1,2,'F',40,1.0,'Gestión \nIr a retirar del domicilio del Sr. Eduardo un traje llevar a Coomecipar \nDirección: Río de Janeiro 579 y Rosa Peña',NULL,'N'),(296,'2014-11-06','2014-11-06 12:07:22','2014-11-06 12:07:22',9,1,2,'F',40,1.0,'Pasar a buscar un paquete del Domicilio de la Sra Celia Santa Rosa 404 c/ España,departamento 4 A llevar al negocio el Viejo Galpón del  Ferrocarril.',NULL,'N'),(297,'2014-11-06','2014-11-06 12:17:56','2014-11-06 12:17:56',18,4,2,'F',100,2.5,'1- Entrega de Lentes Fabiola  estación de servicio Petrobras en el km 15 (San Lorenzo)  650000 Gs.\n2- Entrega de navaja Albert Haedo 686 e/Oleari 95000GS\n3- Entrega de perfume Fantasy Patricia Campuzano  Hiperseis de Mcal. Lopez (que yan por la parte de proveedores) 190.000Gs.',NULL,'N'),(298,'2014-11-06','2014-11-06 13:04:07','2014-11-06 13:04:07',1,3,2,'F',60,1.5,'Ir al domicilio de la sra. Diana retirar 500 tarjeteros hacer entrega en  Aseguradora Tajy  ',NULL,'N'),(299,'2014-11-06','2014-11-06 14:12:04','2014-11-06 14:12:04',1,4,2,'F',60,1.5,'Ir a la casa de la Sra Diana retirar efectivo, retirar 11 porta notebook pilar esq. Nazaret luero ir a 14 de mayo entregar  a Patricia.',NULL,'N'),(300,'2014-11-06','2014-11-06 14:50:49','2014-11-06 14:50:49',46,1,2,'F',40,1.0,'Ir a retirar de la oficina de Grupo Positivo 30 unidades de regalos empresariales (whisky) llevar a Yaguarete. fue entregado a Rita Silguero.',NULL,'N'),(301,'2014-11-06','2014-11-06 16:03:44','2014-11-06 16:03:44',23,6,2,'F',40,1.0,'Retirar un formulario del Congreso en la Cámara de Diputados, en la oficina de la Diputada Fabiola Oviedo,  ofic. 303, 3º piso preguntar por la asesora de la Diputada la Sra. Sol Santacruz.',NULL,'N'),(302,'2014-11-06','2014-11-06 16:40:59','2014-11-06 16:40:59',52,4,2,'F',40,1.0,'Ir al domicilio de la sra. Maria Ines retirar efectivo y facturas,\nhacer pago de  Ande,Copaco y Essap.\n',NULL,'N'),(303,'2014-11-06','2014-11-06 18:05:37','2014-11-06 18:05:37',53,1,2,'F',40,1.0,'Ir a Electrotienda  Direccion: San Martín 134 casi Mcal. Lopez, Villa Morra retirar un teléfono celular y llevar a  ANDRES BARBERO 1451 C/ AVDA. ZAVALA CUE, Fernando de la Mora.',NULL,'N'),(304,'2014-11-06','2014-11-06 18:16:13','2014-11-06 18:16:13',35,3,2,'F',100,2.5,'Gestiones\n1- Ir a la cancillería  a autenticar 3 partidas de nacimiento \n2-Ir a la Interpol a retirar un certificado de antecedente policial.',NULL,'N'),(305,'2014-11-06','2014-11-06 19:33:16','2014-11-06 19:33:16',52,4,2,'F',40,1.0,'Gestiones \nPago de seguro adventista \nRetirar dos cuadros de Matice \nPagar cuenta Shopping Mcal. Lopez\nCambiar dolares en cambio chaco ',NULL,'N'),(306,'2014-11-06','2014-11-06 19:39:29','2014-11-06 19:39:29',53,1,2,'F',40,1.0,'Ir a Electrotienda  Direccion: San Martín 134 casi Mcal. Lopez, Villa Morra retirar un teléfono celular y llevar a  ANDRES BARBERO 1451 C/ AVDA. ZAVALA CUE, Fernando de la Mora. (volver a ir junto al cliente por falta de firmas en el documento)',NULL,'N'),(307,'2014-11-07','2014-11-07 12:37:19','2014-11-07 12:37:19',1,6,2,'F',160,4.0,'Gestiones\n- Retirar efectivo del domicilio de la Sra. Diana luego ir a a Batilana y Nicaragua \n(Mercado 4) retirar 67 remeras luego ir a la casa de la Sra Marite dejar las 65 remeras Direccion: Felix Bogado y Padre Casanello. \n- Luego ir a Lambare 14 de Mayo y Campo Via retirar remeras y luego llevar a Taji ',NULL,'N'),(308,'2014-11-10','2014-11-10 12:04:45','2014-11-10 12:04:45',11,3,2,'E',40,1.0,'Ir a pachas llevar remeras ',NULL,'N'),(309,'2014-11-10','2014-11-10 12:35:37','2014-11-10 12:35:37',50,1,2,'F',120,3.0,'1- Ninfa Dichirico, Boggiani c/ Denis Roa (Pegado a la  Financiera Numérica) \nEntrega de 3 litros de Leche  30.000\n2- Patricia o Esteban Yegros Boggiani 5771c/ Ulrico Schimid \nTres litros de Leche 40.000\n3- Andres Mallada Coronel Escurra 245 c/ Guido Spano 3 Litros de leche / 2 Litros de Yogurt 70.000\n4- Anahi Tortorello Azteca 470 esq. Guavira (Mariano Roque Alonzo)\" Litros de Leche 1 Litro de Yogurt de Frutilla 48.000',NULL,'N'),(310,'2014-11-10','2014-11-10 12:48:41','2014-11-10 12:48:41',50,6,2,'F',80,2.0,'Entregas\n1- Eulalio Morinigo  Santa Rosa 299 esq. Paz del Chaco  5 Litros de Leche  60.000\n2- Fatima Monjes  Hector de los Rios y Catevello (Shopping el Portal) 3 litros de leche 36.000\n3- Maria de Lopez Yvya Esquina Ypora Minisuper  Lopez 3 litros de leche 36.000',NULL,'N'),(311,'2014-11-10','2014-11-10 13:26:06','2014-11-10 13:26:06',11,1,2,'F',40,1.0,'Ir a Visión Banco cambiar cheque a efectivo ir a hacer pago en Coomecipar.',NULL,'N'),(312,'2014-11-07','0000-00-00 00:00:00','0000-00-00 00:00:00',11,1,2,'F',40,1.0,'Ir a retirar cheque y llevar factura a Hábitat ',NULL,'N'),(313,'2014-11-10','2014-11-10 13:35:38','2014-11-10 13:35:38',39,1,2,'F',160,4.0,'1)  Mcal López C/ Dr. Morra – Piso 6  - Edificio Center\n2) Avda. España 2580 c/ Sacramento -  Martin Masi\n3)  Ricardo Brugada  196 c/ Luis Morales – GHP\n4)  Ricardo Brugada 692 c/ Goya – Juwel\n5)  EEUU 341 c/ Mcal Estigarribia – Hotel Cecilia\n6)  Vice Pdte. Sanchez c/ Mcal Estigarribia – Coin S.A',NULL,'N'),(314,'2014-11-10','2014-11-10 14:29:21','2014-11-10 14:29:21',28,4,2,'F',190,5.0,'Cobrar\n1- GS1 - cobrar cheque – Rca. de Siria 350\nLlevar factura\n2- FORO BRASIL PARAGUAY – llevar factura y dejar \n3-DINAMO S.A. – llevar factura y dejar – Rca. Dominicana 662 c/ Siria\n4- ZAVIDORO CORPORATION – NIKE – llevar factura\n5-BBVA – llevar factura\n6-TEISA – llevar factura\n7-Cámara Paraguayo – Americana – Dejar factura cambiada',NULL,'N'),(315,'2014-11-10','2014-11-10 14:31:57','2014-11-10 14:31:57',27,3,2,'F',40,1.0,'Ir a cambiar cheque visión Banco (caja chica Lurbana S.A)',NULL,'N'),(316,'2014-11-10','2014-11-10 14:49:54','2014-11-10 14:49:54',34,1,2,'F',40,1.0,'En Alvimer (O Leary esq. Ygatymi) Retirar  una nota firmada por Jorge Vierci, luego presentar en mesa de entrada de la SAS (Secretaria de Acción Social) ',NULL,'N'),(317,'2014-11-10','2014-11-10 15:53:17','2014-11-10 15:53:17',50,3,2,'F',160,4.0,'Entregas \n1-Gonzalo Sinforiano Defensores del chaco y villa del Carmen. Cerca Supermercado Villa Bonita. Villa Elisa, 5L. De leche \n2-Andresa Caballero Primero de Marzo 352 entre Antequera e Independencia Nacional. San Lorenzo , 3L. De leche/  0,5 frutilla/ 3 yogurt 0,5 natural/ 1queso 200gr/ 1 queso con aji/ 1 queso con pimienta/ oregano y nueces de gentileza\n3-Gabriela Campos Cervera Fortin Galpon 789 esq. Santa cruz. Se entra por Madame Lynch. En frente a Block Arquitectura 1 L de leche/1 queso 200gr/ 2 queso c/ especias/ 0,5 L. de yogurt de frutilla /\n4- Maria Castaña (Victor Portillo) Rca. Argentina esq. Pacheco 1 queso 200gr/ 2 queso c/ especias/ 0,5 L. de yogurt de frutilla \n5-Alejandra Duarte Fernando de la Mora 1445 entre Doctor Centurion y Tte. Alcorta. Asunción 3L. De leche/ 1 L. de Yogurt de frutilla',NULL,'N'),(318,'2014-11-10','2014-11-10 16:13:50','2014-11-10 16:13:50',23,4,2,'F',40,1.0,'Retiro de aporte\nNombre:  Liz Karina Fernandez Mendoza\n Número de Teléfono: 0971-223-067\nDirección: Hospital Central del IPS, Unidad de Terapia Intensiva\nAporte: 100.000 guaraníes en efectivo \nHorario de retiro:  para las 11:50 hs.',NULL,'N'),(319,'2014-11-10','2014-11-10 17:03:45','2014-11-10 17:03:45',18,4,2,'F',40,1.0,'Entrega de una navaja \nCesar Barrientos Americo Merlo c/ Avda Santisima Trinidad ',NULL,'N'),(320,'2014-11-10','2014-11-10 17:04:53','2014-11-10 17:04:53',11,4,2,'F',40,1.0,'Ir a vision Banco a cambiar cheque (caja chica Activamente) ',NULL,'N'),(321,'2014-11-10','2014-11-10 17:28:21','2014-11-10 17:28:21',23,1,2,'F',120,3.0,'Entrega de sobres \n1- Entregar sobre y retirar aporte de la oficina del senador Carlos Amarilla. (Preguntar por la Srta Carolina Soto).\n2- Entregar sobre en la oficina del Diputado Mario Cáceres González.\n3- Entregar sobre en la oficina del Senador Roberto Acevedo.\n4- Entregar sobre en la oficina del Senador Miguel Ángel López Perito.\n5 -Entregar sobre en la oficina del diputado Horacio Carísimo',NULL,'N'),(322,'2014-11-10','2014-11-10 19:11:03','2014-11-10 19:11:03',32,1,2,'F',40,1.0,'Retirar unos Cd\'s de la Oficina de Mambo S.A llevar  a Unilever (villa Elisa). \nFue entregado a Recepcionista Lucia Urbieta \n\n',NULL,'N'),(323,'2014-11-10','2014-11-10 19:32:07','2014-11-10 19:32:07',54,4,2,'F',40,1.0,'Gestion\nIr a retirar documento del domicilio del sr. Mario luego llevar a BBVA (Casa Matriz)',NULL,'N'),(324,'2014-11-10','2014-11-11 16:12:02','2014-11-11 16:12:02',21,3,2,'F',120,3.0,'Gestiones\nEntrega de facturas en Itauguá  y San Lorenzo ',NULL,'N'),(325,'2014-11-11','2014-11-11 16:16:27','2014-11-11 16:16:27',18,3,2,'F',60,1.5,'Entrega de lentes de sol San Lorenzo Capiata Ruta Km 16 Sra Alicia ',NULL,'N'),(326,'2014-11-11','2014-11-11 16:38:07','2014-11-11 16:38:07',1,1,2,'F',100,2.5,'Gestiones \n1- Ir al domicilio de la sra Diana retirar factura y recibo de dinero y un termo,  luego ir a \n Primero de marzo 713 entre Lomas Valentinas  retirar dinero llevar a Carios y la Victoria ',NULL,'N'),(327,'2014-11-11','2014-11-11 17:27:38','2014-11-11 17:27:38',37,3,2,'F',60,1.5,'Gestiones\n1- Llevar dos impresoras \n2- Dos  lectores de codigos de barra\n3- Dos Sobres a Banco Continetal\n Dirección: Mcal. Lopez esquina General Garay ',NULL,'N'),(328,'2014-11-12','2014-11-12 13:35:16','2014-11-12 13:35:16',15,3,2,'F',160,4.0,'Entrega de documentos:\n1- UNILEVE Dirección: Villa Elisa \n2- GLORIA SACEI\n Direccion: Avda. Madame Lynch 2100\n3-EMBOTELLADORA CENTRAL \nDireccion: Avda.Manuel Ortiz guerrrero 761 c/ De las Flores \n4- COOPERATIVA COLONIAS UNIDAS\n Direccion: Moises Vertoni y Curupaity\n5-IMPORTADORA SAN LUIS\n Direccion: Samaklay 1685 c/ RI.3 Corrales \n',NULL,'N'),(329,'2014-11-12','2014-11-12 14:03:36','2014-11-12 14:03:36',15,6,2,'F',100,2.5,'Gestión  para PRV\nCompas: Bazar San Juan Rca. De Colombia y Batilana \nOllas de Acero 10lts,16lts,20lts,27lts\nCompra amazona Direccion Tte Fariña 1448 \n24unid. de canastas de mimbre ',NULL,'N'),(330,'2014-11-12','2014-11-12 14:14:39','2014-11-12 14:14:39',39,4,2,'F',60,1.5,'Gestiones\nEntrega de Facturas, recibo\n1- Cruz del Defensor 567 c/ Campos Cevera \n2- Universidad Columbia Avda. España ',NULL,'N'),(331,'2014-11-12','2014-11-12 14:18:47','2014-11-12 14:18:47',27,6,2,'F',40,1.0,'- Retirar remeras de San Solución de Pachas ',NULL,'N'),(332,'2014-11-12','2014-11-12 14:20:33','2014-11-12 14:20:33',13,4,2,'F',40,1.0,'Comprar pila de control remoto del domicilio de la Sra Ami. ',NULL,'N'),(333,'2014-11-12','2014-11-12 14:31:48','2014-11-12 14:31:48',55,1,2,'F',40,1.0,'Retirar celular con el Sr. Jorge Patiño  del Poder Judicial llevar a la oficina de Tigo Eusebio Ayala entregar a la Sra Carla Allende.',NULL,'N'),(334,'2014-11-12','2014-11-12 19:17:50','2014-11-12 19:17:50',7,1,2,'F',40,1.0,'Gestión\nIr a la oficina del Sr. Andres retirar factura e ir a cobrar en next  (OCHSI)  San Lorenzo',NULL,'N'),(335,'2014-11-12','2014-11-12 19:46:38','2014-11-12 19:46:38',50,2,2,'F',160,4.0,'Entregas \n1-Julio Ramírez, Mayor Vargas 657 c/Primer presidente 5 L. de leche\n2-Víctor Vázquez, FECOPROD.Sacramento 2279 c/ Silverio Molinas (Fecoprod)\n   1 L. de leche/1 queso c/ nueces\n3-Regina Guex,FECOPROD.Sacramento 2279 c/ Silverio Molinas (Fecoprod ) 2 L. de leche \n4-Osvaldo Peralta FECOPROD.Sacramento 2279 c/ Silverio Molinas (Fecoprod ) 2 quesos 200 gr./ 1 L. de yogurt Natural\n5-Ferdinando Stadeker (Mara Rodriguez ) Molas Lopez 853 c/ San Martin.Ed. Cartagena. Con portero 5 quesos de 200 gr. \n6-Grecia 1245 casi Europa (detrás de la cancha de guarani, porton celeste) 4L. De leche/ 1 queso 200gr/ ',NULL,'N'),(336,'2014-11-12','2014-11-12 20:14:09','2014-11-12 20:14:09',28,4,2,'F',40,1.0,'Gestiones \n1.  La Blanca – llevar factura\n2.  Cooperativa 7 de Agosto – llevar factura \nQueda pendiente Feria Asunción ',NULL,'N'),(337,'2014-11-12','2014-11-12 20:15:59','2014-11-12 20:15:59',15,6,2,'F',40,1.0,'Llevar un documento a CAST SRL\n dirección Agustín Barrios 1029 c/ Melvin Jones',NULL,'N'),(338,'2014-11-12','2014-11-12 20:17:47','2014-11-12 20:17:47',15,6,2,'F',40,1.0,'Gestion  para PRV,\nIr a llevar efectivo a citymarket San Lorenso.',NULL,'N'),(339,'2014-11-13','2014-11-13 11:30:13','2014-11-13 11:30:13',11,1,2,'F',40,1.0,'Ir a  Fortaleser dirección es José A. Flores casi Tte. Martinez Ramella Edificio Integral, junto a Katy o Marlene a retirar una factura de Gs. 200.000 de Jover Paredes y que me traigan a la oficina.',NULL,'N'),(340,'2014-11-13','2014-11-13 12:05:46','2014-11-13 12:05:46',13,3,2,'F',60,1.5,'Ir al Colegio Santa Caterina junto a la Sra. Ceci \nDireccion: Yasy, Lambaré retirar dos biblioratos un cable y lentes de sol llevar a Paseo Carmelitas entregar a Ami. \nLlevar camioneta al lavadero .',NULL,'N'),(341,'2014-11-13','2014-11-13 12:12:23','2014-11-13 12:12:23',13,1,2,'F',40,1.0,'Ir a retirar control remoto de 3 botones para CE2R/CE2Y  de Protex\nDireccion: Aviadores del  Chaco 2917 c/ Molas Lopez.',NULL,'N'),(342,'2014-11-13','2014-11-13 12:17:44','2014-11-13 12:17:44',43,6,2,'F',40,1.0,' Ir a la Oficina del Sr. Enrique  edificio Arasa 2 Benjamin Constan casi Colon piso 7 oficina 714. llevar notebook a reparar en Estados Unidos 951 con el señor Carlos Luis Esculies.',NULL,'N'),(343,'2014-11-13','2014-11-13 12:49:32','2014-11-13 12:49:32',12,1,2,'F',240,6.0,'Gestiones \nIr a retirar efectivo del domicilio del Sr. Andres, Comprar 100 Cds. 100 boligrafos,estuche para cds. (grabacion de 100 cds para LUM ) ',NULL,'N'),(344,'2014-11-13','2014-11-13 12:55:48','2014-11-13 12:55:48',28,4,2,'F',80,2.0,'1. SUDAMERIS – pago de tarjeta -Pendiente de ayer –\n2. ITAÚ – depósito de cheque \n3.RETIRO DE ENTRADAS – John Maxwell – Gral Santos 881 – c/ Tte Ruiz . Cerca del club    alemán\n4- Entrega de documento en Feria Asuncion \n ',NULL,'N'),(345,'2014-11-13','2014-11-13 13:07:57','2014-11-13 13:07:57',11,6,2,'F',40,1.0,'Retirar una tarjeta de memoria que tiene Diego Maldonado. La tarjeta es de 32 gb.\nDirección: Irrazabal entre Herrera y Azara. \nEdificio Los Balcones de Herrera\nPiso 2do C\n',NULL,'N'),(346,'2014-11-13','2014-11-13 14:14:35','2014-11-13 14:14:35',23,1,2,'F',40,1.0,' Entregar sobre a la siguiente dirección:\n- COMPLEJO SANTOS (Gral. Santos esq. Concordia). Ing. Albert Gross Brown Canillas.\n',NULL,'N'),(347,'2014-11-13','2014-11-13 14:47:37','2014-11-13 14:47:37',25,6,2,'F',40,1.0,'Retirar documento del Banco Itau Avda. España junto al Sr. Carlos Ramirez luego llevar a la oficina de Copagra.',NULL,'N'),(348,'2014-11-13','2014-11-13 16:21:48','2014-11-13 16:21:48',56,1,2,'F',40,1.0,'Ir a autenticar documento en el Ministerio ',NULL,'N'),(349,'2014-11-13','2014-11-13 16:25:14','2014-11-13 16:25:14',56,1,2,'F',120,3.0,'Gestiones ir a:\n1-  Copipunto\n2-Escribania\n 3-Secretaria UCA\n',NULL,'N'),(350,'2014-11-13','2014-11-13 16:52:04','2014-11-13 16:52:04',30,3,2,'F',80,2.0,'1- Primera tarea: Pasar por oficina de Micronal sito en 15 de agosto 818 e/ Humaita y Piribebuy. A retirar recibos de dinero para cobro de facturas.\n2-  Segunda tarea: Retirar un cheque por valor de 44 dólares de la oficina administrativa de Fapasa, ubicado en Av. Aviadores del Chaco 2462 entre Santa Teresa y San Blas Asunción - Paraguay | Tels.: (595-21) 614450/4 (RA)\n4- Tercero: Retirar  un cheque por valor de 88 dólares de la oficina de Laboratorios Eticos, Dirección: Atilio Galfre, San Lorenzo, Paraguay Teléfono:+595 21 521390.\n5- Cuarto:  Volver a Micronal con ambos cheques y entregar a Diosnel Benítez o Lucio Maidana.ir hasta La Rural de Seguros, ubicado en Av. República Argentina 940, Asunción, Paraguay\n Preguntar por el Sr. Angel Martinez y retirar dos pólizas de seguro a nombre de Micronal. Y volver hasta la oficina a entregar dichas pólizas a Diosnel Benítez o Lucio Maidana.\n ',NULL,'N'),(351,'2014-11-13','2014-11-13 16:58:15','2014-11-13 16:58:15',38,6,2,'F',100,2.5,'1- Electro system cambiar llave TM de 3x400A por 3x500A\nDirección: Barrio San Pablo (Paso de Patria Esquina Ypora a una cuadra del colegio Pablo Avila)\n2- Entrega de nota en MOPC en planta baja “Mesa de Entrada” traer duplicado\nDirección: Centro, Oliva c/ Alberdi\n3-Entrega de contratos en Ministerio Publico UOC\nDirección: Chile y jejui',NULL,'N'),(352,'2014-11-13','2014-11-13 17:07:56','2014-11-13 17:07:56',52,4,2,'F',60,1.5,'1- Cobrar cheque de la camara de comercio Americano \n2-Ir a hacer pago de Seguro medico Sanatorio Adventista \n3- Endosar y depositar cheque en banco GNB',NULL,'N'),(353,'2014-11-13','2014-11-13 17:57:27','2014-11-13 17:57:27',23,4,2,'F',40,1.0,'Retirar aporte \nDireccion: Rca. de Colombia 1032 e/ EEUU y Brasil \nGraciela Gonzalez.',NULL,'N'),(354,'2014-11-13','2014-11-13 20:14:30','2014-11-13 20:14:30',1,4,2,'F',100,2.5,'1- Ir a dejar unas muestras de bolsas en Ybarapyta e/ Concepción Barrio Hipodromo a 4 cuadras del Registro Civil luego ir a Mcal Lopez y de la Conquista, entregar una factura a Seguridad Seguros.\n 2 - comprar 1 metro y medio de tela de Amado Jure Importaciones 25 de Mayo 859\n3- Ir a retirar lentes de su hijo Óptica ',NULL,'N'),(355,'2014-11-14','2014-11-14 12:43:20','2014-11-14 12:43:20',13,3,2,'F',40,1.0,'Ir a llevar invitación  a la Sra Adiana  ',NULL,'N'),(356,'2014-11-14','2014-11-14 14:11:49','2014-11-14 14:11:49',39,6,2,'F',40,1.0,'Ir a llevar Factura a Luque.',NULL,'N'),(357,'2014-11-14','2014-11-14 14:16:37','2014-11-14 14:16:37',56,1,2,'F',80,2.0,'Gestiones\n1-Ir a Copipunto hacer fotocopias,tamaño oficio\n2- Escribania Montevideo Delgado 1579 c/ 3era y 4ta \n3- Secretaria de la Maestría  ',NULL,'N'),(358,'2014-11-14','2014-11-14 14:39:57','2014-11-14 14:39:57',1,3,2,'E',100,2.5,'Pasar por el domicilio de la Sra Diana retirar facturas ir a Lambare 14 de Mayo retirar hoppis y remeras llevar a Aseguradora Yacyreta y la Consolidada España y San Martín  ',NULL,'N'),(359,'2014-11-14','2014-11-14 14:55:33','2014-11-14 14:55:33',30,1,2,'F',40,1.0,'Ir a  Micronal, retirar cuatro frascos de 250 ml cada uno mas copia y original de factura y nota de remisión\nIr hasta La Química Farmacéutica ubicado en Avda. Primer Presidente 1736 c/ Yrendagué, Asunción. Entregar dichos frascos mas la factura y remisión originales en el departamento de Insumos, hacer firmar las copias de la factura y remisión.\nVolver hasta Micronal a entregar las copias firmad',NULL,'N'),(360,'2014-11-14','2014-11-14 14:58:28','2014-11-14 14:58:28',13,3,2,'F',40,1.0,'Ir a llevar a Ami en carmelitas center luego llevar su camioneta al taller. ',NULL,'N'),(361,'2014-11-14','2014-11-14 15:17:19','2014-11-14 15:17:19',50,3,2,'F',160,4.0,'Entregas \n1- Anahi Tortorello Azteca 470 esq. Guavira (Mariano Roque Alonso) 3L. De leche/ 1 l de yogurt Frutilla\n2- Clotilde Aquino de Benitez Coronel Aquino 229 c/ Paz del Chaco. (Mariano) 5 L. de leche \n3- Fatima Monjes Hector de los Rios y Catevello (shopping el portal entrar 7 cuadras a la izquierda y doblar a la derecha una y media, la unica casa de dos plantas. Mariano) 3L. De leche\n4- Bernarda Valiente Maximo Santa 272 c/ Suiza (Zona Ex Cimefor) Mariano 3L. De leche\n5- Edgar Riveros Felix Bogado y Gral Santos (atrás del Mestizo, Deposito de Casa Parana) 2L. De leche + delibery\n6- Maria de Lopez Yvya esquina Ypora. Minisuper Lopez. Detrás de el colegio Pablo Avila 3L. De leche',NULL,'N'),(362,'2014-11-14','2014-11-14 16:29:45','2014-11-14 16:29:45',18,1,2,'F',40,1.0,'Retirar encomienda Charles de Gaulle a una cuadra y media de Eusebio Ayala  nombre de Margalida Peralta y llevar a la clinica Esencial que esta sobre San Roque Gonzalez 567 e/ Campo Cevera y Manuel del castillo.',NULL,'N'),(363,'2014-11-14','2014-11-14 16:35:57','2014-11-14 16:35:57',28,1,2,'F',60,1.5,'1. DESA – antes del medio día – retirar sobre a nombre de Maricel Ibañez\n2.Juan Ernesto Snead – Edificio sobre Santa Teresa, pegado al edificio de BAYER – edificio de departamentos -  retirar un sobre a nombre de Maricel Ibañez en portería ',NULL,'N'),(364,'2014-11-14','2014-11-14 17:56:50','2014-11-14 17:56:50',57,4,2,'F',40,1.0,'Gestión para  DHL \nIr a edificio Lider 4to Piso Avda Republica Argentina Navemar retirar documento llevar a DHL Rca. Argentina ',NULL,'N'),(365,'2014-11-14','2014-11-14 18:03:08','2014-11-14 18:03:08',47,4,2,'F',40,1.0,'Ir a general días 523 c/ 14 de Mayo edificio Faro Internacional 1er piso Tupa Transporte retirar documento llevar a DHL Avda. Rca. Argentina entregar a la sra. Dora Ramirez',NULL,'N'),(366,'2014-11-14','2014-11-14 19:19:29','2014-11-14 19:19:29',15,3,2,'F',40,1.0,'Ir a retirar documento de escribania Licitra llevar a la oficina de DAP',NULL,'N'),(367,'2014-11-14','2014-11-14 20:14:03','2014-11-14 20:14:03',37,1,2,'F',50,1.5,'Retirar impresoras de la oficina de Documenta llevar a Banco Continental.',NULL,'N'),(368,'2014-11-15','2014-11-15 11:42:43','2014-11-15 11:42:43',11,1,2,'F',40,1.0,'Ir a Dequeni a llevar factura y cobrar a Victor Imas',NULL,'N'),(369,'2014-11-15','2014-11-15 14:06:57','2014-11-15 14:06:57',1,1,2,'F',40,1.0,'Ir a buscar muestra de vasos en 14 de mayo Lambare. llevar a Agrofield junto a Cyndi. antes del mediodìa',NULL,'N'),(370,'2014-11-17','2014-11-17 12:32:25','2014-11-17 12:32:25',15,4,2,'F',80,2.0,'1- Retirar unos documentos de la Agencia Marítima Yataity SA UABL, dirección Benjamín Constant N° 835, junto a Nancy Almada.\n2- Ir a Escribania Licitra retirar documento llevar a Dap \n3- Ir a comprar bidones ',NULL,'N'),(371,'2014-11-17','2014-11-17 12:39:24','2014-11-17 12:39:24',13,1,2,'F',60,1.5,' Ir a pagar essap del domicilio de la sra. Ami  para ello les doy Gs. 142.000, luego vayan a depositar en Coomecipar Gs. 200.000 a la cuenta Nº 1354-55 de ahorro planificado a nombre de Adolfina Cabrera.',NULL,'N'),(372,'2014-11-17','2014-11-17 14:02:02','2014-11-17 14:02:02',28,1,2,'F',40,1.0,'Enviar documentos a la contadora, esperar (la contadora) va a sellar los papeles y traerme de vuelta el sello de TRK.\nEdificio Apolo ',NULL,'N'),(373,'2014-11-17','2014-11-17 16:48:58','2014-11-17 16:48:58',38,1,2,'F',40,1.0,'Retirar un Documento de la empresa  PRV STOR S.A, 2do piso Edificio San Estanislao dirección:  España esq.Luis Morales (a lado del banco Sudameris) a una cuadra de Avda Brasilia y llevar a la Ande en el edificio que esta a lado, la dirección seria España esq. Padre Egidio Cardozo con Joel Ibáñez Nro 0991750944 llamar al llegar para entregarle el documento esta persona esta hasta las 15:00 Hs ',NULL,'N'),(374,'2014-11-17','2014-11-17 18:07:23','2014-11-17 18:07:23',20,4,2,'F',40,1.0,'Ir a retirar efectivo de Coomecipar ',NULL,'N'),(375,'2014-11-17','2014-11-17 18:08:55','2014-11-17 18:08:55',11,1,2,'F',40,1.0,'Ir a hacer pago de alquiler ',NULL,'N'),(376,'2014-11-17','2014-11-17 19:38:24','2014-11-17 19:38:24',37,3,2,'F',60,1.5,'Entrega de Equipos suc. Curuguaty a la atencion de Jhony Britos  \n1 Impresora  Bematech \n1 Lector Bematech S500 \nEntrega de 21 Kits Publicitarios ',NULL,'N'),(377,'2014-11-17','2014-11-17 19:53:50','2014-11-17 19:53:50',18,1,2,'F',40,1.0,'1- Envió de kit de Herramientas a gral. Garay 839 c/ España  Javier Torre 0985382177 \n2- Retirar encomienda sobre Charles de Gaulle a una cuadra y media de  Eusebio Ayala llevar a charles de Gaulle llevar a la clínica Esencial que esta sobre Roque Gonzalez 567 e/ Campo cervera y Manuel del Castillo ',NULL,'N'),(378,'2014-11-17','2014-11-17 20:01:30','2014-11-17 20:01:30',18,1,2,'F',40,1.0,'Envió de Reloj Austria  1400 esq. Dr Bernardino Caballero a cuadra del Super Seis de Denis Roa  y Lillo Adolfo Vivero ',NULL,'N'),(379,'2014-11-17','2014-11-17 20:06:23','0000-00-00 00:00:00',18,3,2,'F',60,1.5,'1- Entrega de  Lente Diana Baez Direccion India Juliana (es una casa con portón grande gris y tiene un cartel que dice Odontología.\n2- Un Perfume fantasy 190.000 perfume fantasy direccion: Acosta Ñu e/ Itapiru y esquina Pikysyry un despensa llamada Acosta Ñu  ',NULL,'N'),(380,'2014-11-17','2014-11-17 20:09:50','2014-11-17 20:09:50',18,1,2,'F',40,1.0,'1- Retirar encomienda de Contac courier sobre Charles de Gaulle y llevar al domicilio de la Sra Maga \n2- Llevar todos los lentes de sol que hay en la oficina a lo de la Sra. Maga ',NULL,'N'),(381,'2014-11-17','2014-11-17 20:12:03','2014-11-17 20:12:03',18,1,2,'F',40,1.0,'1- Entrega de lente, nueva Colombia 121 esq. Rojas Silva Atras del Salesiano Miguel Angel Cavalo  ',NULL,'N'),(382,'2014-11-17','2014-11-17 20:20:20','2014-11-17 20:20:20',1,1,2,'F',50,1.5,'Gestiones\n1- Llevar muestra de bolígrafos a Gods Pan Rca. Argentina ',NULL,'N'),(383,'2014-11-18','2014-11-18 12:34:06','2014-11-18 12:34:06',1,3,2,'F',80,2.0,'1- Retirar Blocks de Jose Berges e/ EEUU y Brasil detrás del CCPA es un portón granate junto a Oscar Diaz.\n2- Luego el Blocks hay que llevar a Vice Pte. Sanchez c/ Teodoro S.Mongelos ahí entregar a Gustavo.',NULL,'N'),(384,'2014-11-18','2014-11-18 12:49:08','2014-11-18 12:49:08',14,4,2,'F',40,1.0,'Ir a hacer pagos varios en Coomecipar\n Direccion: Río de Janeiro 579 y Rosa Peña',NULL,'N'),(385,'2014-11-18','2014-11-18 12:57:43','2014-11-18 12:57:43',12,4,2,'F',40,1.0,'Ir a hacer pago de Factura Personal (pago factura telefono, internet)  Avda. España ',NULL,'N'),(386,'2014-11-18','2014-11-18 13:04:53','2014-11-18 13:04:53',54,2,2,'F',40,1.0,'1- Retirar cheques de Guatambu 4035 Casi Mbya.  Barrio San Pablo. Asuncion\n2- Depositar en Cta. Cte.  Gs. 01-440940-03  Mario L. Medina,  Banco Continental.\n3- Volver a entregar Boleta de Deposito a Guatambu 4035.\n',NULL,'N'),(387,'2014-11-18','2014-11-18 14:09:00','2014-11-18 14:09:00',13,4,2,'F',40,1.0,'Ir a hacer a Coomecipar a realizar extracción de la cuenta de Adolfina Cabrera Nº  1354317 de Gs. 1.100.000 y pagar ahorro programado de Andrés Parcerisa del grupo 57, 3 cuotas de Gs. 350.000, y traer a la oficina Gs. 50.000\n',NULL,'N'),(388,'2014-11-18','2014-11-18 14:11:54','2014-11-18 14:11:54',27,4,2,'E',40,1.0,'1- Ir a Imprenta Gráfica a retirar nota re remision de Lurbana  S.A \n2- Ir a hacer pago de  Notworking curso a realizarse el jueves Cerro Cora 1038 y EEUU ',NULL,'N'),(389,'2014-11-18','2014-11-18 14:31:00','2014-11-18 14:31:00',1,3,2,'F',60,1.5,'Ir a retirar vasos térmicos de Lambare 100 unidades luego entregar en Agrofiel Avda Choferes del Chaco.',NULL,'N'),(390,'2014-11-18','2014-11-18 17:01:26','2014-11-18 17:01:26',35,1,2,'F',100,2.5,'Gestiones\n1- Llevar documento al Ministerio de Salud \n Direccion: Fulgenio R. Moreno y Brasil\n2- Retirar autenticaciones de la esc. Peroni \n15 de Agosto y Humaita \n3- Retirar certificado del Ministerio  (dejar documento luego esperar para visar certificado medico)\n',NULL,'N'),(391,'2014-11-18','2014-11-18 17:06:16','2014-11-18 17:06:16',54,4,2,'F',40,1.0,'Tareas\n1- Retirar sobre de  Guatambu 4035 Casi Mbya.  Barrio San Pablo. Asuncion\n2- Entregar en el BBVA,  Casa Matriz,  Mcal Lopez y Torreani Viera,  4ª PIso  Banca Agricola y Ganadera,  Sr.  Antonio Patiño.(Fue entregado a Shirley Pereira)\n',NULL,'N'),(392,'2014-11-18','2014-11-18 17:28:11','2014-11-18 17:28:11',59,3,2,'F',40,1.0,'Gestión\nIr a compar aparato para mosquito 6 unidades\n Direccion: Estrella e/ Oleari edificio Lider oficina 1 luego llevar al domicilio de la sra Susana  ',NULL,'N'),(393,'2014-10-03','0000-00-00 00:00:00','0000-00-00 00:00:00',23,1,2,'F',40,1.0,'Retiro de aporte \nNombre:  Blanca Lila Dominguez de Avalos\nNúmero de celular: 0981 469389\nDirección: colegio bautista de villa morra hacia atrás en el estacionamiento\nAporte: 180.000 guaraníes. \nHorario de retiro: antes de las  12:00 hs',NULL,'N'),(394,'2014-10-13','0000-00-00 00:00:00','0000-00-00 00:00:00',23,4,2,'F',40,1.0,' Retiro de aporte.\nDetallo a continuación: Nombre: Liz Karina Fernandez Mendoza  \nNúmero de celular: 0971-223-067\nDirección: Hospital Central del IPS, Unidad de Terapia Intensiva\nAporte: 100.000 guaraníes.  Horario de retiro: de 08:30 a 12:00 hs.\n ',NULL,'N'),(395,'2014-10-14','0000-00-00 00:00:00','0000-00-00 00:00:00',23,3,2,'F',40,1.0,'Nombre: Alba Raquel Salinas López\nNúmero de celular: 0981- 470 -515\nDirección: Centro medico la Costa  en el entrepiso.\nAporte: 90.000 guaraníes. \nHorario de retiro:  para las 15:30 hs en punto.',NULL,'N'),(396,'2014-11-18','2014-11-18 20:00:16','2014-11-18 20:00:16',1,1,2,'F',40,1.0,'Gestiones\n1- Seguridad Seguros llevar factura\n2- Agrofiel retirar muestras llevar a su domicilio ',NULL,'N'),(397,'2014-11-18','2014-11-18 20:27:59','2014-11-18 20:27:59',12,3,2,'F',40,1.0,'Retirar documento del domicilio del Sr. Andres  llevar documento al Sr. Estaphan  Hortvart  \nDireccion: Eulogio Estigarribia 4670 ',NULL,'N'),(398,'2014-11-19','2014-11-19 12:07:49','2014-11-19 12:07:49',50,1,2,'F',160,4.0,'1- Morado (Pachamama S.A.) Shopping del Sol (nuevo local, por la nueva entrada del shopping se ve el cartelito) 10 quesos 200gr\n2- Andres Bogado 1° de Marzo 328 e/ 12 de julio e Ytaybate (detrás de algodonera Guarani) 3L. De leche/ 1 queso c/ oregano/ 2 0,5 L. de yogurt.\n3- Al Capone Doc Fransisco Morra esq. Lilio 1 queso 200gr./ 2 quesos con especias \n4-Alejandra Loup Senador Long 872 esquina España 3 quesitos \n5- Atipico Senador Long casi Tte Vera 3 quesitos\n6-Pedro Almaza. Meet and Cheese Alfredo Seiferheld 5035 3 quesitos\n7- Pedro Almaza. Meet and Cheese 3 quesitos\n',NULL,'N'),(399,'2014-11-19','2014-11-19 12:54:29','2014-11-19 12:54:29',11,1,2,'F',80,2.0,'Gestiones\nIr a Coomecipar a gestionar tarjeta débito,copia de contato,registro patente comercial luego ir a la Municipalidad a recaudar datos.',NULL,'N'),(400,'2014-11-19','2014-11-19 12:58:20','2014-11-19 12:58:20',15,4,2,'F',40,1.0,' Ir a la oficina de DAP llevar y retirar documentos de Licitra.\n ',NULL,'N'),(401,'2014-11-19','2014-11-19 13:43:13','2014-11-19 13:43:13',23,3,2,'F',200,5.0,'Entregar sobres a las siguientes direcciones:\n1- Automotor: Artigas 1.921 - Asunción\n2- Condor S.A.C.I:   Asunción- Bernardino Gorostiaga y Guaraníes.\n3- NSA CISA: Luque- Scout de Luque 705 - Zárate Isla\n4- AGP ETIQUETAS SRL: Asunción - 8 de Junio 3564 c/ Sgto Martínez\n5_ LASCA: San Lorenzo - Avda. Pastora Céspedes y Don Vicente Scavone\n6- CHACOMER S.A.E: Avda. E. Ayala 3321\n',NULL,'N'),(402,'2014-11-19','2014-11-19 13:45:09','2014-11-19 13:45:09',23,3,2,'F',40,1.0,'Gestión (Claudia Villasanti)\n Estamos teniendo un retiro de aporte confirmado para el día de hoy .\n Nombre: Andrea Caballero Codasp\nNúmero de Teléfono: 660-077\nDirección: Diagonal molas Nº 1027 casi luis de granada. barrio bella vista Asunción. \nAporte: entregar, completar formulario del débito automático y traer de vuelta.\n Horario de retiro:  antes de las 09:20 am.\n ',NULL,'N'),(403,'2014-11-19','2014-11-19 13:49:45','2014-11-19 13:49:45',15,4,2,'F',180,4.5,'Gestión de PRV \n1- Unilever \n Dirección: Villa Elisa \n2-Industrial Delights: \nDireccion: Bompolesti e/ paso Medina Villa Elisa llegando a San Antonio \n3- Distribuidora Inca Servicio Integral:  \nDireccion: Tamanacuna Lambare \n ',NULL,'N'),(404,'2014-11-19','2014-11-19 14:12:37','2014-11-19 14:12:37',46,1,2,'F',220,5.5,'1- Retirar Paraguas Condor:\nPróceres de Mayo 794, 0981 287 017, Contacto: Elvio Leguizamón\nReferencia: Al costado de la Empresa Fonoluz.\n2-Entrega de Kits+Paraguas  Condor SACI \nRca. Argentina y de las Palmeras, Contacto: Tania Vera\n3-Entrega Paraguas PUBLICITARIA NASTA:\nParaguarí 852 casi Fulgencio R. Moreno., 021 444 978, Contacto: Liz Arrúa, Dario Alegre, Oscar González\n4-Entrega Paraguas AGENCIA SALLUSTRO:\nMontevideo 173, e/ Pdte. Franco y Benjamín Constant, 021 444 569,  Edif. Boquerón 5º piso, Contacto: Mabel Maidana\n ',NULL,'N'),(405,'2014-11-19','2014-11-19 15:28:55','2014-11-19 15:28:55',6,4,2,'F',40,1.0,'Ir a retirar de la oficina del sr. Eduardo  comprobante para retirar resultado de placa de la Costa  Avda. Artigas ',NULL,'N'),(406,'2014-11-19','2014-11-19 16:29:11','2014-11-19 16:29:11',23,4,2,'F',60,1.5,'  Entrega de sobres en el Congreso:\n* En la  oficina del  Diputado Cesar Ariel Oviedo.\n* En la oficina del Diputado Hugo Leandro Rubín Godoy\n* En la oficina del Diputado Julio Enrique Mineur.\n',NULL,'N'),(407,'2014-11-19','2014-11-19 17:30:48','2014-11-19 17:30:48',38,3,2,'F',100,2.5,'Gestiones\n1- Pago de pasaje  en la empresa AMITOUR S.A Avda. Choferes del Chaco 774 Casilla de correo Nº 2105\nTeléfonos: (595 21) 611 409 - 612 315 con la Srita Gladys Vargas, traer factura\n2-  Cambio de Cheque de mismo monto en la empresa CODIEl Avda. Defensores del Chaco 2460 c/ Avda. Fdo. de la Mora. 4 Mojones Con la Srita Majo y retirar nota de crédito de 731.000.\n3-Cambio de Cheque de mismo monto en la empresa Lumicorp Avda. Artigas 988 c/ Cusmanich Tel. (+595-21) 249 2000 con Cristhian Castro\n ',NULL,'N'),(408,'2014-11-19','2014-11-19 18:19:17','2014-11-19 18:19:17',37,1,2,'F',40,1.0,'Ir a entregar documento a Banco continental casa matriz\nAvda. Mcal.Lopez ',NULL,'N'),(409,'2014-11-19','2014-11-19 20:16:44','2014-11-19 20:16:44',27,1,2,'F',40,1.0,'Ir a radio canal 100 a llevar pago a la sra. Yolanda Park ',NULL,'N'),(410,'2014-11-19','2014-11-19 20:23:46','2014-11-19 20:23:46',12,1,2,'F',40,1.0,'Ir a retirar efectivo del domicilio del Sr. Andres comprar cloro llevar de vuelta a su domicilio.',NULL,'N'),(411,'2014-11-20','2014-11-20 11:42:47','2014-11-20 11:42:47',23,3,2,'F',40,1.0,'Entregar sobre a la siguiente dirección:\n Eusebio Ayala 3321 y República Argentina. (Sra. Daisy Zelaya).',NULL,'N'),(412,'2014-11-20','2014-11-20 11:52:45','2014-11-20 11:52:45',58,4,2,'F',40,1.0,'Ir al domicilio del Sr. Walter retirar factura de Ande hacer pago. \nDirección: Avda España ',NULL,'N'),(413,'2014-11-20','2014-11-20 12:56:23','2014-11-20 12:56:23',60,1,2,'F',40,1.0,'Ir a retirar recibo de la oficina de  Casseli \n Direccion: Christian Sabe - Alberdi 320 esq. Palma - Oficinas 206 & 214 - 2ndo Piso  luego ir a llevar recibo a Moises Bertoni 3479 (Don Vito) luego llevar de vuelta a la oficina de Casseli Law Firm.',NULL,'N'),(414,'2014-11-20','2014-11-20 13:21:26','2014-11-20 13:21:26',28,4,2,'F',60,1.5,'1- Contadora – Graciela Villalba – Edificio Apolo -\n2- Syngenta Paraguay S.A.- Mcal. López 3811 c/ Dr. Morra- Edificio Mcal López Center\n ',NULL,'N'),(415,'2014-11-20','2014-11-20 13:23:37','2014-11-20 13:23:37',23,3,2,'F',80,2.0,'Entregar un sobre en el Congreso:\n1- En la  oficina de la  Diputada Fabiola  Oviedo. \nEntregar sobre a la siguiente dirección:\n2- José D. Jara esq. Cañada del Carmen- Barrio San Vicente (Barrail Hnos. S.A.)',NULL,'N'),(416,'2014-11-20','2014-11-20 14:09:04','2014-11-20 14:09:04',61,6,2,'A',40,1.0,'Retirar cédula verde, con una fotocopia de ci. para la reimpresión de chapa del domicilio del Sr. Hugo Direccion: Juan de Ayolas 1470 luego ir a Fortín Toledo c/ Yataity Cora (Fernando de la Mora) y de ahí volver a la casa del sr. Hugo.  ',NULL,'N'),(417,'2014-11-20','2014-11-20 14:24:11','2014-11-20 14:24:11',38,4,2,'F',60,1.5,'Gestiones\n1-  Llevar documento para la firma en Ministerio Publico sede Central dirección: Nuestra Señora de la Asunción y Haedo Junto al Encargado de Monitoreo en el 3rer piso el Sr Domínguez Firmar nota de Remisión Nro 001-001-00105   y dejarle el cuadriplicado color verde.\n2- Entregar factura, documentos con nota en Ministerio Publico Dirección :Chile y Jejui UOC mesa de entrada 2do piso  y retirar contrato pendiente.(no pudimos retirar el contato pendiente por falta de nota de autorización que se le solicito al asistente de servicio en ventanilla)',NULL,'N'),(418,'2014-11-20','2014-11-20 17:29:37','2014-11-20 17:29:37',12,1,2,'F',40,1.0,'Ir a retirar documento de la Escribania Balmaceda \nDireccion: Av. Brasilia n° 1433 entre San Cosme y Santiago, Asunción luego llevar al domicilio de Andres Parcerisa.',NULL,'N'),(419,'2014-11-20','2014-11-20 17:48:10','2014-11-20 17:48:10',18,3,2,'F',100,2.5,'Gestiones \nPago de factutas\n1- Ande España, 1268 casi Padre Cardozo -\n2- Essap, José Berges 516 entre San José y Brasil\n3- Claro Py, Avda. Mcal.Lopez \n4- Migone,  Eligio Ayala 1293, Asunción',NULL,'N'),(420,'2014-11-20','2014-11-20 17:51:47','2014-11-20 17:51:47',30,4,2,'F',80,2.0,'Gestiones \n-Primera tarea: Pasar por oficina de Micronal sito en 15 de agosto 818 e/ Humaita y Piribebuy. A retirar dos facturas, una remisión y una caja pequeña que contiene tres frascos de 250 ml c/u.\n- Segunda tarea: Ir hasta la planta industrial de Fapasa, Ubicado en Waldino R. Lovera (Del Carmen), 1950 Fernando De La Mora, Paraguay y entregar tres frascos de 250 ml c/u mas el original  de la nota de remisión en el departamento de insumo.\n-  Tercero: Entregar factura original en oficina administrativa de Fapasa, ubicado en Av. Aviadores del Chaco 2462 entre Santa Teresa y San Blas Asunción - Paraguay | Tels.: (595-21) 614450/4 (RA)\n-    cuarto: Ir hasta La Química Farmacéutica y entregar factura original y hacer firmar copia.\n-       Quinto:  Volver a Micronal con la copia de la factura y remisión debidamente firmada de fapasa y factura de la química farmacéutica , entregar a Diosnel Benítez o Lucio Maidana.',NULL,'N'),(421,'2014-11-20','2014-11-20 17:55:15','2014-11-20 17:55:15',37,6,2,'F',40,1.0,'Entrega de Sobres a Banco Continental\nDirección: Mcal. Lopez esquina General Garay\n',NULL,'N'),(422,'2014-11-20','2014-11-20 18:47:19','2014-11-20 18:47:19',62,3,2,'F',40,1.0,'Gestión\nIr a Houston Producciones S.R.L retirar materiales \nDireccion: Tte Salvador Oviedo 2525 casi Herminio Maldonado llevar a Dequeni.\n',NULL,'N'),(423,'2014-11-20','2014-11-20 19:01:52','2014-11-20 19:01:52',15,1,2,'F',40,1.0,' Retirar un formulario de la farmacia catedral que esta sobre España esq. Santa Ana, junto a Lilian en el Área de Créditos, que pase directo por catedrar a retirar y llevar a la oficina de   DAP.\n ',NULL,'N'),(424,'2014-11-20','2014-11-20 19:04:25','2014-11-20 19:04:25',27,1,2,'F',40,1.0,'Llevar gentileza a Procard al Sr. Leonardo Bartrina \nDireccion: Independencia Nacional 776, Asunción \n',NULL,'N'),(425,'2014-11-20','2014-11-20 20:23:53','2014-11-20 20:23:53',27,6,2,'F',40,1.0,'Ir a hacer copias de Planos a Copipunto\n Avda. Mcal.Lopez.',NULL,'N'),(426,'2014-11-20','2014-11-20 20:25:27','2014-11-20 20:25:27',27,1,2,'F',40,1.0,'Ir a hacer deposito de efectivo a la cuenta Lurbana S.A a Visión Banco \nAvda. Santísima Trinidad ',NULL,'N'),(427,'2014-11-21','2014-11-21 12:49:09','2014-11-21 12:49:09',11,1,2,'F',60,1.5,'Ir a  Visión Banco a hacer deposito \nIr a Coomecipar a hacer pago de ahorro programado \nHacer pago de tarjeta de crédito de Ami (pago por ampliación de dropbox)',NULL,'N'),(428,'2014-11-21','2014-11-21 12:56:15','2014-11-21 12:56:15',3,6,2,'F',40,1.0,'Ir a entregar documento al Abogado Marcelo Gauto \nDireccion: Alberdi 1080 c/ Jejuí (fue entregado a la Secretaria del Abogado Marcelo Gauto)',NULL,'N'),(429,'2014-11-21','2014-11-21 13:12:33','2014-11-21 13:12:33',50,3,2,'F',240,6.0,'Gestiones\n1-Fatima Monjes, Hector de los Ríos y Catevello (shopping el portal entrar 7 cuadras a la izquierda y doblar a la derecha una y media, la única casa de dos plantas)Mariano \n3L. De leche \n2-Bernarda Valiente Maximo Santa 272 c/ Suiza (Zona Ex Cimefor) mariano 2L. De leche + delivery\n3-Maria de Lopez, Yvya esquina Ypora. Minisuper Lopez. Detrás de el colegio Pablo Avila 3L. De leche \n4-Alejandra Duarte Fernando de la Mora 1445 entre Doctor Centurión y Tte. Algorta 3L. De leche/ 1 L. de Yogurt Vainilla\n5- Gonzalo Sinfuriano, Defensores del chaco y villa del Carmen 5L. De leche\n6-Eulalio Morinigo, Santa Rosa 299 esq.  Primera Junta Municipal 5L. De leche/ 1 Yogurt de frutilla/ 1L. Yogurt Vainilla\n7-Daysi Duarte, Col de la Asunción.Saavedra 3115 y Lapacho Amarillo. Entrar por el costado de Super Seis 7litros de leche/ 1L. Yogurt Frutilla\n8- Lety Aquino, Taller Cuevas. Caballero esq. Tercera 3L. De leche/ 1 L. de Yogurt',NULL,'N'),(430,'2014-11-21','2014-11-21 13:31:21','2014-11-21 13:31:21',15,6,2,'F',40,1.0,'Llevar documento a autenticar en la Escribania Balash, sobre Artigas, frente a AUTOMOTOR.\nQue pases por la oficina de Dap  para llevar los documentos.\n ',NULL,'N'),(431,'2014-11-21','2014-11-21 15:15:36','2014-11-21 15:15:36',23,6,2,'F',60,1.5,' Entregar sobres:\n1- Manduvirá 958 c/ Colón (CIA. INTEGRAL DE CONSTRUCCIONES S.A)\n2- Chile 877 C/ Piribebuy (CIA COMERCIAL DEL PARAGUAY S.A)',NULL,'N'),(432,'2014-11-21','2014-11-21 17:21:35','2014-11-21 17:21:35',39,1,2,'F',100,2.5,'1- EEUU 341 esq Mcal Estigarribia\n2- Avda Madame Lynch 900 Aviadores del chaco\n3- Mcal López 2781\n4- Ricardo Brugada 196 c/ Luis Morales',NULL,'N'),(433,'2014-11-21','2014-11-21 17:36:56','2014-11-21 17:36:56',13,2,2,'F',40,1.0,'Retirar del domicilio de Ami \n1- Receta de Leo \n2- Computadora de Ami \n3-Abrigos para Leo, Sr. Andy y Ami \n4- Cargador de celular ',NULL,'N'),(434,'2014-11-21','2014-11-21 18:33:27','2014-11-21 18:33:27',15,3,2,'F',60,1.5,'1- Ir a hacer pago de  ANDE \nDireccion: España 1268 casi Padre Cardozo \n2- Llevar documento a farmacia Catedral (fue entregado a la Sra. Lilian Steve) Avda. España ',NULL,'N'),(435,'2014-11-21','2014-11-21 19:09:31','2014-11-21 19:09:31',28,4,2,'F',120,3.0,' Ir a cobrar cheques:\n1. ZAVIDORO – NIKE - Lambare \n2. DINAMO - España\n3. TRADE AMERICA SA – 25 de mayo 3721 esq Gaudioso Ñúnez\n4- Ir a comprar Helado ',NULL,'N'),(436,'2014-11-24','2014-11-24 12:25:43','2014-11-24 12:25:43',39,3,2,'F',140,3.5,' Entrega de Facturas\n1) Mcal López C/ Dr. Morra – Piso 6  - Edificio Center – Arquitectos Pro S.A\n2) Avda. España 2580 c/ Sacramento -  Martin Masi\n3) Del trabajador c/ Avda. Perón -  Noa emprendimientos\n4) EEUU 341 c/ Mcal Estigarribia – Hotel Cecilia\n5) Petirossi 340 C/ Pai Pérez – Astro S.A\n6)Avda. España 766 c/ Gral. Garay – Club de Ejecutivos Único para cobro\n ',NULL,'N'),(437,'2014-11-24','2014-11-24 14:00:24','2014-11-24 14:00:24',28,4,2,'F',60,1.5,'Gestiones \n1- SYNGENTA – Mcal López 3811 c/ Dr. Morra\n2- Cámara de Comercio Pya – Americana – retirar cheque – 25 de mayo c/ Mayor Bullo',NULL,'N'),(438,'2014-11-24','2014-11-24 14:04:29','2014-11-24 14:04:29',12,2,2,'F',40,1.0,'Ir a hacer copias de escritura 3 unidades de cada uno, Librería  luego llevar escritura a  Direccion: Valoi de Rivarola fue recibido por la señora Snadra  Quiñonez ',NULL,'N'),(439,'2014-11-24','2014-11-24 14:18:47','2014-11-24 14:18:47',36,4,2,'F',40,1.0,'Ir a la oficina del Sr. Alan retirar celular llevar a Iturbe 883 c/ Fulgencio R. Moreno\n Direccion Nacional de vigilancia Sanitaria, entregar a la Sra Franchesca Stumbfs  ',NULL,'N'),(440,'2014-11-24','2014-11-24 16:51:53','2014-11-24 16:51:53',63,3,2,'F',40,1.0,'Ir a hacer pago de Essap José Berges 516 entre San José y Brasil ',NULL,'N'),(441,'2014-11-24','2014-11-24 16:54:52','2014-11-24 16:54:52',23,4,2,'F',40,1.0,'Entregar un sobre en el Congreso: (Pedido de Claudia Villasanti)\n* En la  oficina de la Diputada  Cynthia Elizabeth Tarragó Diaz, fue entregado a Victoria Emery, ',NULL,'N'),(442,'2014-11-24','2014-11-24 16:59:55','2014-11-24 16:59:55',1,2,2,'F',200,5.0,'Buscar a la Sr. Diana de su domicilio en auto, llevar a Cooperativa Copafi (Aregua)',NULL,'N'),(443,'2014-11-24','2014-11-24 17:12:06','2014-11-24 17:12:06',18,3,2,'F',40,1.0,'Ir a retirar lentes de la casa de la Sra. Maga luego llevar a la Ande Avenida España pregunatar por la Sra. Carmen (mostrar los lentes) ',NULL,'N'),(444,'2014-11-24','2014-11-24 17:49:16','2014-11-24 17:49:16',60,4,2,'F',40,1.0,'Gestiones \nIr a  CAPITAL LOMBARDO 1593 ESQUINA PROFESORA SILVIA ENCISO \nMARIA PRINT\npara retirar tarjetas personales y traer a la oficina con dirección Edificio Christian Sabe\nAlberdi 320 esq. Palma\nOficinas 206 & 214 - 2ndo Piso',NULL,'N'),(445,'2014-11-24','2014-11-24 18:16:17','2014-11-24 18:16:17',15,4,2,'F',90,2.5,' Gestión para PRV\n1- Llevar una impresora a esta dirección 22 de Setiembre 585 esq. Azara\nGestión Dap \n2- Reimprimir facturas en ANDE. Ir a Dap para retirar  la lista.\n3- Compar hoja de oficio, gramaje el mismo que el de la cartulina 100 hojas.\n4- llevar documentos a Escribania Dalash \n ',NULL,'N'),(446,'2014-11-24','2014-11-24 20:21:10','2014-11-24 20:21:10',37,4,2,'F',60,1.5,'Ir a entregar Impresora, Kits Publicitarios a Banco Continental casa Matriz Avda. Mcal.Lopez  ',NULL,'N'),(447,'2014-11-24','2014-11-24 20:49:24','2014-11-24 20:49:24',12,3,2,'F',40,1.0,'Retirar documento del domicilio  del Sr. Andy, llevar a Luis a Herrera 1588 con Laura Pedretti de Interviajes y esperar que les entregue una factura.',NULL,'N'),(448,'2014-11-25','2014-11-25 13:31:23','2014-11-25 13:31:23',13,3,2,'F',40,1.0,'Hacer extracción en Coomecipar luego ir a depositar a visión Banco, (cuenta Adolfina Cabrera)',NULL,'N'),(449,'2014-11-25','2014-11-25 13:34:58','2014-11-25 13:34:58',50,3,2,'F',40,1.0,'Entregas Sábado 22 \n 1-Alejandra Duarte Fernando de la Mora 1445 entre Doctor Centurion y Tte. Algorta 1 L. de Yogurt Vainilla\n2-Mario Acuña Battilana 1060 y Peru 5L. De leche + 1 queso ',NULL,'N'),(450,'2014-11-25','2014-11-25 16:59:44','2014-11-25 16:59:44',15,4,2,'F',100,2.5,'Gestión PRV \n1- Ilagro Avda. Defensores del Chaco 815 c/ Asunción \n2- Herrera Agro Comercial, Defensores del Chaco \n3- Arcopar, Mcal Jose Felix Estigarribia Km.10 \n',NULL,'N'),(451,'2014-11-25','2014-11-25 17:43:58','2014-11-25 17:43:58',23,1,2,'F',40,1.0,'Entrega de Sobre  (Pedido de Rosa) \n1- L. A Herrera e/ Pai Pérez y Perú. (EDB CONSTRUCCIONES).',NULL,'N'),(452,'2014-11-25','2014-11-25 17:49:27','2014-11-25 17:49:27',13,4,2,'F',40,1.0,'Ir al  Shopping Multiplaza junto a la Sra Natalia Frutos entregar botellas (Sección  administrativa) ',NULL,'N'),(453,'2014-11-25','2014-11-25 18:17:18','2014-11-25 18:17:18',37,3,2,'F',40,1.0,'Ir hasta la oficina de  Documenta retirar documento con Cesia luego llevar a Banco Continental\nDirección:  Mcal. Lopez esquina General Garay\n',NULL,'N'),(454,'2014-11-25','2014-11-25 18:21:43','2014-11-25 18:21:43',15,1,2,'F',40,1.0,' Retirar documento dirección Raúl Carmona 1221, Ingeniero Blas Pessolani.\n Y llevar a la oficina de  DAP.\n ',NULL,'N'),(455,'2014-11-25','2014-11-25 19:00:23','2014-11-25 19:00:23',13,3,2,'F',40,1.0,'Ir a hacer pago en MAPFRE seguros \n Mcal. López 910 esq. Gral. Aquino (no se pudo abonar por que su factura ya vencio)',NULL,'N'),(456,'2014-11-25','2014-11-25 19:24:39','2014-11-25 19:24:39',1,1,2,'F',40,1.0,'Ir a buscar original del centro, Fulgencio R. Moreno e Iturbe y acercarlo a Lambare sobre 14 de Mayo. ',NULL,'N'),(457,'2014-11-26','2014-11-26 12:01:14','2014-11-26 12:01:14',23,1,2,'F',40,1.0,'Entregar sobre a:\n1- Tuyutí c/ Ytororó- Luque (Indelpa)\n',NULL,'N'),(458,'2014-11-26','2014-11-26 12:19:20','2014-11-26 12:19:20',1,4,2,'F',40,1.0,'Ir al domicilio de la sra. Diana retirar recibo y realizar una cobranza en la consolidada  Aviadores del chaco c/ San Martín edificio 7mo piso  luego hacer pago a Tupi. ',NULL,'N'),(459,'2014-11-26','2014-11-26 12:40:39','2014-11-26 12:40:39',27,6,2,'F',40,1.0,'Ir a visión Banco a hacer cancelación de cuentas \nAvda. Santísima Trinidad ',NULL,'N'),(460,'2014-11-26','2014-11-26 12:47:17','2014-11-26 12:47:17',12,3,2,'F',40,1.0,'Ir a Copipunto a retirar cheque \nMcal Estigarribia 752 ',NULL,'N'),(461,'2014-11-26','2014-11-26 13:40:05','2014-11-26 13:40:05',12,3,2,'F',40,1.0,'Retirar del domicilio del  Sr. Andy documentos y una llave llevar a Mcal. Estigarribia 2130 esq. Mayor Bullo edificio Tifani, departamento 5 entregar al Sr. Jaime Parcerisa.',NULL,'N'),(462,'2014-11-26','2014-11-26 14:35:43','2014-11-26 14:35:43',17,6,2,'F',60,1.5,'Retirar documento de  COMECOOP Arq. Tomás Romero Pereira Esq. 1ra. Junta Municipalidad  Fernando De La Mora, Paraguay 3er piso Departamento de Marketing junto a la Sra Marina Bobadilla, llevar el documento a 22 de Setiembre 790 e/ Herminio Gimenez y Herrera entregar a Crispin Martinez firmar documento y llevar de vuelta a COMECOOP.',NULL,'N'),(463,'2014-11-26','2014-11-26 18:28:41','2014-11-26 18:28:41',38,1,2,'F',120,3.0,'Gestiones\nIr a entregas facturas\n1- Raul Fernando Barricanal Nuestra Señora de la Asunción e/ Azara y Oliva 4to Piso Edificio Brasil.\n2- Dario Brum Tec Mac 2da Proyectada Nro 547 e/ Mexico y Paraguari \n3- Cimplast SACI Frente al Shopping Mariano \n4- Asociación Paraguaya de Criadores de Braford (en el fondo de la Expo)\n ',NULL,'N'),(464,'2014-11-26','2014-11-26 18:44:10','2014-11-26 18:44:10',23,4,2,'F',40,1.0,'Entregar sobre y retirar aporte \n1- Avda. Aviadores del Chaco c/ Molas Lopez. Edificio protek. Tercer piso. (Sr. Walter Allende)Monto: 1.000.000gs',NULL,'N'),(465,'2014-11-26','2014-11-26 19:30:31','2014-11-26 19:30:31',13,3,2,'F',40,1.0,'Gestiones\n1- Ir a hacer inspección vehicular en Mapfre Seguro \n2- Hacer Pago de seguro ',NULL,'N'),(466,'2014-11-26','2014-11-26 20:10:41','2014-11-26 20:10:41',1,1,2,'F',40,1.0,'Gestiones\nRetirar un material de Fulgencio R. Moreno e Iturbe llevar a Lambare pagar  18000 gs. ',NULL,'N'),(467,'2014-11-27','2014-11-27 11:56:20','2014-11-27 11:56:20',23,3,2,'F',80,2.0,'Retiros de aportes   (Pedido Claudia Villasanti)\n1- Nombre:  Gilda Casaccia\nNúmero de Teléfono: 0981-559-107\nDirección: Sargento Càndido silva Nº 664 entre Diaz de León y 4 de julio.\nAporte: 90.000 guaraníes \nHorario de retiro:  para las 09:30 hs.\n2- Nombre:  Maria del Rosario Almada de Acosta.\nNúmero de Teléfono: 0981-401-986\nDirección: hospital de callei San Lorenzo Dpto de Enfermeria. Aporte: 90.000 guaraníes \nHorario de retiro:  de 08:00 a  11:00  hs.\n',NULL,'N'),(468,'2014-11-27','2014-11-27 12:23:17','2014-11-27 12:23:17',23,3,2,'F',40,1.0,'Entregar sobre en:\n1- Andrada c/ Bruno Guggiari (CONSTRUCCIONES Y VIVIENDAS PARAGUAYAS S.A) al Ing. Oscar Antonio Rubiani.\n',NULL,'N'),(469,'2014-11-27','2014-11-27 13:18:29','2014-11-27 13:18:29',64,1,2,'F',40,1.0,'Verificación Vehicular \nIr hasta el domicilio del Sr. Cesar Guieger Direccion: Centeno esq. Colon, retirar automóvil llevar a verificación.',NULL,'N'),(470,'2014-11-27','2014-11-27 13:21:49','2014-11-27 13:21:49',11,3,2,'F',40,1.0,'Ir a Hábitat a llevar factura de Activamente.',NULL,'N'),(471,'2014-11-27','2014-11-27 13:27:13','2014-11-27 13:27:13',52,4,2,'F',60,1.5,' 1- Ir al domicilio de la Sra Maria Ines retirar efectivo hacer pago en Usher Rios 1020 c/ Asunción (3 casas despues de una bodega) junto a la sra Mercedes.\n2- Ir a hacer deposito en  Banco GNB',NULL,'N'),(472,'2014-11-27','2014-11-27 17:21:12','2014-11-27 17:21:12',11,6,2,'F',40,1.0,'Ir a llevar a Tigo  reparación de celular de Ami, dejar ',NULL,'N'),(473,'2014-11-27','2014-11-27 17:47:07','2014-11-27 17:47:07',1,4,2,'F',80,2.0,'Retirar remeras de Py comunicaciones (cantidad 67) llevar a la casa de la sra Marite que esta sobre Casanello luego pasar por Fugencio R. Moreno e Iturbe y retirar un original y llevar a Lambare, 14 de mayo. ',NULL,'N'),(474,'2014-11-27','2014-11-27 17:52:40','2014-11-27 17:52:40',37,3,2,'F',40,1.0,'Ir a retirar impresoras de la oficina de Documenta llevar a Banco Continental casa Matriz.\nAvda. Mcal.Lopez ',NULL,'N'),(475,'2014-11-27','2014-11-27 18:08:59','2014-11-27 18:08:59',13,3,2,'F',40,1.0,'Ir a  cambiar  dolar a efectivo 200$ depositar en Vision Banco cuenta Adolfina Cabrera ',NULL,'N'),(476,'2014-11-27','2014-11-27 19:43:52','2014-11-27 19:43:52',14,1,2,'F',40,1.0,'Ir al domicilio de Gaspar llevar el auto a Lali y retirar tarjeta de débito de Gaspar traer a la oficina. ',NULL,'N'),(477,'2014-11-28','2014-11-28 13:41:15','2014-11-28 13:41:15',15,4,2,'F',40,1.0,'Ir a la oficina de DAP llevar documento a EEUU 105 c/ Brasil y Herrera, Roberto Codas, entregar a  Katerine.\n ',NULL,'N'),(478,'2014-11-28','2014-11-28 13:44:34','2014-11-28 13:44:34',15,4,2,'F',80,2.0,'Gestiones para PRV, entregar documentos a:\n1- Distribuidora Dirigida: Mencia de Sanabria 1904 c/ Médicos del Chaco\n2- SOL GUARANI: Madre Eugenia Revasco 2223\n3- TROVATO CISA: Calle Central 1340 e/ Haiti y Nicaragua',NULL,'N'),(479,'2014-11-28','2014-11-28 14:13:21','2014-11-28 14:13:21',11,3,2,'F',40,1.0,'Ir a llevar cargador a Ami Edificio los Yerbales Avda. Transchaco ',NULL,'N'),(480,'2014-11-28','2014-11-28 14:35:13','2014-11-28 14:35:13',50,1,2,'F',200,5.0,'Entregas \n1- Mario Acuña Battilana 1060 y Peru 5L. De leche\n2-Alejandra Duarte Fernando de la Mora 1445 entre Doctor Centurion y Tte. Algorta. Asunción  1L de leche/ 2L. De yogurt frutilla/ 1 L. de Yogurt Vainilla \n3- Fatima Monjes Hector de los Rios y Catevello (shopping el portal entrar 7 cuadras a la izquierda y doblar a la derecha una y media, la unica casa de dos plantas). Mariano Roque Alonso 3L. De leche \n4-Anahi Tortorello Azteca 470 esq. Guavira (Mariano Roque Alonso) 3L. De leche/ 1 l de yogurt coco/ 1 tilsit / 1 especias  (1 tilsit / 1 especias. Gentileza) \n5- Carlos Fontclara Mateus Aguiar 1541 e/ Pino y Velazco. Tomar Sta Teresa 2 cuadras a la derecha 1l leche/1 queso 200gr./ 1 queso con pimienta\n6- David Portillo Santa Teresa 3525 y Panchito Lopez (frente al Hotel Santa Maria, a lado mismo del Copetin, es una Peluqueria) 4L. De leche/ 2 L. yogurt coco\n7-Victoria Casco Paz del Chaco 947 c/ 2 de Febrero 2L. De leche + delivery\n8-Ernesto Garcete Aeropuerto Silvio Petirosi, Area de desembarque 3L. De leche/ 1 queso 200gr./ 1 queso con oregano/ 1 queso con pimienta/ 1 L. de Yogurt de coco/ 1 L. de Yogurt de Frutilla',NULL,'N'),(481,'2014-11-28','2014-11-28 14:55:29','2014-11-28 14:55:29',1,1,2,'F',80,2.0,'Ir a retirar del domicilio de la Sra. Diana recibo de remisión luego  ir a Lambare  a retirar 200 paraguas  entregar a Taji Avda. Agustín Pio barios y San Martín.  ',NULL,'N'),(482,'2014-11-28','2014-11-28 17:17:43','2014-11-28 17:17:43',39,4,2,'F',120,3.0,'Entregas de Facturas\n1- EEUU 341 c/ Mcal Estigarribia – Hotel Cecilia\n2- Avda. España 766 c/ Gral. Garay – Club de Ejecutivos\n3- Avda. Mcal López 5557 – Cuevas Hnos S.A\n4- Avda. España c/ Padre Cardozo – Columbia\n ',NULL,'N'),(483,'2014-11-28','2014-11-28 17:24:54','2014-11-28 17:24:54',28,4,2,'F',80,2.0,'1.Ir a la casa de ADRI : retirar una factura - Hipolito Carrón 806 esquina Tte Neri Quevedo\n ( Quevedo es paralela a la calle de la iglesia Sagrados Corazones)\n2.OFICINA TRACKING – viene a buscar unos documentos\n3.CAMARA DE COMERCIO PYO – AMERICANA – lleva los documentos y deja',NULL,'N'),(484,'2014-11-28','2014-11-28 18:01:08','2014-11-28 18:01:08',37,1,2,'F',40,1.0,'Ir a retirar impresoras de la oficina de Documenta llevar a Banco Continental\nMcal. Lopez esquina General Garay\n',NULL,'N'),(485,'2014-11-28','2014-11-28 18:50:23','2014-11-28 18:50:23',65,3,2,'F',40,1.0,'Ir al domicilio de sr. Rodrigo a  Gral Santos 2352 a retirar chequera luego ir a su oficina Avda. Aviadores del chaco c/ c/ Heriberto Campos Cevera Edif. Santa Teresa Plaza Center piso 10 luego ir a hacer pago en Banco Itau, Visión, Atlas )',NULL,'N'),(486,'2014-11-28','2014-11-28 19:26:31','2014-11-28 19:26:31',64,1,2,'F',60,1.5,'Ir a retirar fotocopiadora para mantenimiento de Concejal Vargas 1250 casi Lillo luego llevar a Tomas Romero Pereira c/ 10 de Julio, Zona Norte',NULL,'N'),(487,'2014-11-28','2014-11-28 19:33:48','2014-11-28 19:33:48',28,4,2,'F',40,1.0,' Ir de vuelta a la oficina de  TRACKING luego llevar factura a  CAMARA DE COMERCIO PYO – AMERICANA – lleva los documentos y dejar (la factura que se emitió estaba mal se volvio a llevar a mismo destino)',NULL,'N'),(488,'2014-11-28','2014-11-28 20:44:23','2014-11-28 20:44:23',66,1,2,'F',60,1.5,'Ir a retirar fotocopiadora para mantenimiento de Concejal Vargas 1250 casi Lillo luego llevar a Tomas Romero Pereira c/ 10 de Julio, Zona Norte.',NULL,'N'),(489,'2014-11-28','2014-11-28 20:54:12','2014-11-28 20:54:12',46,4,2,'F',40,1.0,' Entrega  Birrera a la sra. Olivia Schenk cobrarle 250.000 Viniendo por General Santos derecho hacia Perón.',NULL,'N'),(490,'2014-12-01','2014-12-01 12:35:08','2014-12-01 12:35:08',15,1,2,'F',40,1.0,'Gestión para PRV\nCambiar una factura, CELCOM  dirección Avda. Choferes del Chaco 759 c/ Pacheco, retirar de la Oficina de Dap.\n ',NULL,'N'),(491,'2014-12-01','2014-12-01 13:20:20','2014-12-01 13:20:20',15,1,2,'F',40,1.0,' Retirar documento de EEUU 105 c/ Brasil y Herrera, Roberto Codas,  con Katerine.\n ',NULL,'N'),(492,'2014-12-01','2014-12-01 14:07:10','2014-12-01 14:07:10',23,1,2,'F',40,1.0,'Retiro de aporte (pedido de \nDetallo a continuación:\nNombre: Liz Karina Fernandez Mendoza \nNúmero de celular: 0971-223-067\nDirección: Hospital Central del IPS, Unidad de Terapia Intensiva\nAporte: 100.000 guaraníes.  Horario de retiro: para las 11:50 hs.',NULL,'N'),(493,'2014-12-01','2014-12-01 14:14:36','2014-12-01 14:14:36',67,3,2,'F',40,1.0,'Retirar efectivo de la oficina de Imprex SRL Marcelino Noutz 803 c/ Luis Granada	 \nLlevar al domicilio de la Sra. Guadalupe Herminio Maldonado 1322 c/ Santa Teresa.\n',NULL,'N'),(494,'2014-12-01','2014-12-01 14:41:59','2014-12-01 14:41:59',20,4,2,'F',40,1.0,'Ir a efectivizar en Coomecipar para cta. hermanos.',NULL,'N'),(495,'2014-12-01','2014-12-01 14:43:34','2014-12-01 14:43:34',11,4,2,'F',40,1.0,'Ir a retirar de Celular de Samsung Customer Service Plaza (CSP) | Equipos de marca Samsung\nDirección: Avda. España 1480 casi O’higgins',NULL,'N'),(496,'2014-12-01','2014-12-01 16:12:25','2014-12-01 16:12:25',15,1,2,'F',40,1.0,'Gestión PRV \nHacer pago de  factura en la Municipalidad de Asunción.',NULL,'N'),(497,'2014-12-01','2014-12-01 16:52:04','2014-12-01 16:52:04',37,3,2,'F',40,1.0,'Ir a retirar de la oficinas de Documenta una publicidad y llevar  a un comercio direccion: O\'leary esquina yataity ybate luque',NULL,'N'),(498,'2014-12-01','2014-12-01 17:35:09','2014-12-01 17:35:09',39,4,2,'F',190,5.0,'Entregas de facturas\nDirecciones,\n1-Avda. Madame Lynch 900 c/ Aviadores del Chaco – Autopiezas CEISA\n2-Ricardo Brugada 196 c/ Luis Morales – GHP  Abogados\n3-Avda. Mcal. López 5557 – Cuevas Hnos\n4-Vice-Pte. Sanchez c/ Mcal. Estigarribia – Coin S.A\n5-Avda. España 766 c/ Gral. Garay – Club de Ejecutivos\n6-Avda. Aviadores del Chaco 1.727 c/ Dr. César López Moreira – Villandry S.A\n7-Avda. España 1758 e/ Pitiantuta y Rca. Dominicana – Hidrocenter\n8-Sucre casi san Martín – Suki\n',NULL,'N'),(499,'2014-12-01','2014-12-01 18:33:16','2014-12-01 18:33:16',11,1,2,'F',40,1.0,'Ir a dejar un documento a la sra Ana Promuso en Itaipu,  Calle De La Residenta, 1075\n',NULL,'N'),(500,'2014-12-01','2014-12-01 18:55:09','2014-12-01 18:55:09',23,1,2,'F',100,2.5,' Entregar sobres:\n1- Azara entre Paraguarí y México. (CONSTRUCTA S.A) \n2- El Dorado 256 esq. Naciones Unidas. (CHAVES CONSTRUCCIONES)\n3- Avda. Artigas 3443 (CONEMPA)',NULL,'N'),(501,'2014-12-01','2014-12-01 19:40:16','2014-12-01 19:40:16',53,3,2,'F',40,1.0,'Ir a Electrotienda; llevar a hacer firmar unos documentos a Supply (Chile esq. Humaitá). Para la Sra. Maria Eugenia de Morinigo; la misma se encuentra en la caja de planta baja.\n',NULL,'N'),(502,'2014-12-01','2014-12-01 19:59:12','2014-12-01 19:59:12',14,4,2,'F',40,1.0,'Ir a llevar efectivo a la casa de Gaspar entregar a Lali.',NULL,'N'),(503,'2014-12-02','2014-12-02 11:48:43','2014-12-02 11:48:43',13,1,2,'F',80,2.0,'Gestiones \n1- Ir a retirar cédula verde de la Escribanía  Balash Avda. Artigas.\n2- Ir a entregar rifa a la Dra. Mirna Martinez en el Hospital la Costa \n3- Ir a hacer pago club Centenario (dos meces) ',NULL,'N'),(504,'2014-12-02','2014-12-02 12:18:47','2014-12-02 12:18:47',15,1,2,'F',40,1.0,'Gestión para  PRV\n1- Pagar una factura en la Municipalidad de Asunción \n2- Ir a llevar documento a Escribanía Balash',NULL,'N'),(505,'2014-12-02','2014-12-02 12:31:44','2014-12-02 12:31:44',23,4,2,'F',40,1.0,'Ir a llevar volante de Hábitat entregar a Ceci  ',NULL,'N'),(506,'2014-12-02','2014-12-02 14:01:13','2014-12-02 14:01:13',28,4,2,'F',40,1.0,'Ir a  la Blanca S.A., Granja Avicola \nRuta 2 Mcal. Estigarribia - Km. 17,5, Capiatá,  \ncobrar dos facturas.',NULL,'N'),(507,'2014-12-02','2014-12-02 14:26:10','2014-12-02 14:26:10',38,1,2,'F',40,1.0,'Gestión\n1.Oficina BRANDON, Olga Da Silva,  Teniente Nuñez 849 entre Padre Cardozo y Washington antes de las 12\nRetirar una bolsa de regalo mas una factura\n2.Entregar SIN LA FACTURA a María del Carmen Barriocanal de PRV Stores (España casi San Rafael)\n3. La factura retener para cuando tengamos otra transacción\n ',NULL,'N'),(508,'2014-12-02','2014-12-02 16:51:14','2014-12-02 16:51:14',68,4,2,'F',40,1.0,'Ir a retirar factura la oficina del Sr. Mario   Direccion: Barrio cerrado casa Sueño sur. Indio Guaraní esq. Alberto del Parana.(en una esquina A55) luego  llevar a  ERSA Julian Insfran 148\nfue entregado a Gilda Notario.',NULL,'N'),(509,'2014-12-02','2014-12-02 17:28:08','2014-12-02 17:28:08',21,1,2,'F',60,1.5,'Cobranzas:\nSaprocal: Capiatá ruta 2 km 16. Se cobra en Pechugón.\nLa Industrial Maderil: RUTA II KM. 15,8 CAPIATA. TEL. 021\n ',NULL,'N'),(510,'2014-12-02','2014-12-02 19:26:18','2014-12-02 19:26:18',13,3,2,'F',100,2.5,'Entrega de Rifas\n1- Sr. Lucho, Mayor Fleitas 256 e/ Eligio Ayala y Mcal. Estigarribia  \n2- Sr. Hugo, llevar al Ministerio de Obras Publicas \n3- Ana Julia, Alonso e/ Alejo Garcia y Arellano (una cuadra antes que la crucecita)',NULL,'N'),(511,'2014-12-02','2014-12-02 19:45:11','2014-12-02 19:45:11',38,1,2,'F',40,1.0,'Retirar nota de ETI\nLlevar a Colegio la providencia junto al sr Cuquejo, 0981 878150.\nHacer firmar acuse de recibo, ( la planilla que necesita el sr. Cuquejo es Lote 2 )',NULL,'N'),(512,'2014-12-03','2014-12-03 11:19:11','2014-12-03 11:19:11',11,6,2,'F',40,1.0,'Ir a llevar material a AGR de Hábitat \nAustria 2832 c/ Cnel. Cabrera	',NULL,'N'),(513,'2014-12-03','2014-12-03 12:10:47','2014-12-03 12:10:47',15,4,2,'F',40,1.0,'1-Retirar  una encomienda de MG EXPRESS factura nº 20086.\nluego llevar a la Oficina de DAP.\n2- Ir a autenticar en Balash dos documentos.\n ',NULL,'N'),(514,'2014-12-03','2014-12-03 12:41:28','2014-12-03 12:41:28',28,3,2,'F',40,1.0,'Enviar unos documentos a la contadora\n CONTADORA - Edificio APOLO 1% de agosto y Oliva',NULL,'N'),(515,'2014-12-03','2014-12-03 13:19:46','2014-12-03 13:19:46',1,6,2,'F',40,1.0,'1- Ir a tajy retirar 10 bolsos llevar a Lambare.\n2- Luego retirar un bolígrafo  y llavero de muestra  del domicilio de la sra, Diana llevar a la casa de la Sra. Cynthia  Miño  Oliva y Alberdi.\n',NULL,'N'),(516,'2014-12-03','2014-12-03 14:31:31','2014-12-03 14:31:31',38,1,2,'F',40,1.0,'Retirar nota de ETI\nLlevar documento al Puerto entregar al sr.  Cuquejo, 0981 878150.',NULL,'N'),(517,'2014-12-03','2014-12-03 18:03:21','2014-12-03 18:03:21',15,4,2,'F',160,4.0,'Gestión para PRV\n1- Salenma, avenida pastora Cespedes 480 casi cruz roja paraguaya, para Richard Galeano\n2- Native wood, teniente rojas Silva2538 casi progreso, Fernando zona sur, para julio cesar      Ramirez\n3- Indega, ruta Mcal Estigarribia 1539 km 8,5 Fernando de la mora, para Octavio rubio\n4- Cerveceria paraguaya, ruta Mcal Estigarribia esq Arquimedes, para Valentin de Almeida\n5- Iris sa, ruta ita Itagua Marcial Samaniego, a 1600 metros de la ruta, para Leticia cosp\n6- Arcopar, ruta Mcal Estigarribia esq Emilio cubas, para luis Emilio Gimenez\n\n',NULL,'N'),(518,'2014-12-03','2014-12-03 18:12:43','2014-12-03 18:12:43',15,1,2,'F',80,2.0,'Gestión para PRV\n1-Industrial Delights, Von Poleski 5209 esq paso medina, para Belen Belmant\n2-Distribuidora inca, Tamanacuna 3733 casi domingo Martiez de Irala, para Rosalba Nuñez\n3-Unilever, Rio salado 316 casi Rio Montelindo villa Elisa, para Alex colman\n\n',NULL,'N'),(519,'2014-12-03','2014-12-03 18:29:56','2014-12-03 18:29:56',15,3,2,'F',60,1.5,'Gestion PRV \n1-Cooperativa de leche la holanda, avenida defensores del chaco 3147 e/ Ruta Ñemby y Ceferino Ruiz,para Paola Aguero.\n2- Paraguay Refrescos, Ruta Ñemby Km. 3.5 Barcequillo San Lorenzo. para Joel Rufinelli (el sr. Joel Rurinelli no nos recibio la factura porque nos dijeron que la factura esta mal)',NULL,'N'),(520,'2014-12-03','2014-12-03 18:33:28','2014-12-03 18:33:28',28,3,2,'F',60,1.5,'Gestiones\n1.  Nike ZAVIDORO – cobrar cheque\n2.  Contadora – llevar otro documento – poder de TRK – pero antes hacer fotocopia\n ',NULL,'N'),(521,'2014-12-03','2014-12-03 18:34:44','2014-12-03 18:34:44',23,6,2,'F',90,2.5,' Entregar sobres a:\n1- Dr. Carlos Centurión 390 e/ Antonio Planás. Barrio Vista Alegre (GRECO & CUBILLA CONSTRUCTORA)\n2- México c/ F. R. Moreno (M & T S.A)\n3- Juan de Zalazar esq. Whashington ( ITASA S.A)',NULL,'N'),(522,'2014-12-03','2014-12-03 20:06:57','2014-12-03 20:06:57',15,6,2,'F',40,1.0,'Enviar tres celulares a ANOVO \nAvda. Rca. Argentina 183 c/ Mcal. Lopez ',NULL,'N'),(523,'2014-12-03','2014-12-03 20:49:30','2014-12-03 20:49:30',37,1,2,'F',40,1.0,'Llevar documentos a  Banco Continental casa Matriz y Seguros Patria ',NULL,'N'),(524,'2014-12-04','2014-12-04 13:00:32','2014-12-04 13:00:32',33,3,2,'F',40,1.0,'Ir a Colombia c/ Peru 1440 en el deposito Gauto retirar mochila y llevar a  Wines and spirist entregar a Ricardo Gauto.',NULL,'N'),(525,'2014-12-04','2014-12-04 16:10:07','2014-12-04 16:10:07',15,6,2,'F',40,1.0,'Llevar una factura a NEW SHOP SELLOS, sobre Chile 713 casi Haedo, es ir a entregar esta facturar para cambio (cambio de razón social, y retirar unos sellos.\n ',NULL,'N'),(526,'2014-12-04','2014-12-04 16:51:08','2014-12-04 16:51:08',14,1,2,'F',40,1.0,'Ir a hacer pago en Coomecipar \nRío de Janeiro 579 y Rosa Peña.',NULL,'N'),(527,'2014-12-04','2014-12-04 17:52:20','2014-12-04 17:52:20',1,3,2,'F',80,2.0,'1- Retirar unos Obsequios (un microondas y dos conservadoras)  de la casa de la sra. Diana luego llevar a Aseguradora Tajy \nAvda. San Martín. \n2- Retirar  de lo de la Sra, Tere dos remeras y dos camisas llevar a Batilana y Caracas. ',NULL,'N'),(528,'2014-12-04','2014-12-04 18:36:26','2014-12-04 18:36:26',11,4,2,'F',40,1.0,'Ir a visión Banco a cambiar y depositar cheque, luego ir a Coomecipar hacer pago. ',NULL,'N'),(529,'2014-12-04','2014-12-04 19:03:01','2014-12-04 19:03:01',47,1,2,'F',80,2.0,'Ir a Toyotoshi llevar docuemnto  Avda. Mcal. Lopez (se fueron 3 veces a Toyotoshi)\nIr a Transocean S.R.L. ir a cambiar documento.\n',NULL,'N'),(530,'2014-12-05','2014-12-05 12:23:52','2014-12-05 12:23:52',23,6,2,'F',40,1.0,'Ir a  llevar documento a Club  de Ejecutivos \n Avda. España 766 c/ Gral. Garay.a',NULL,'N'),(531,'2014-12-05','2014-12-05 12:27:35','2014-12-05 12:27:35',38,4,2,'F',40,1.0,'Ir a llevar documentos a \nBanco Nacional de Fomento\nIndependencia Nacional esq. Cerro Corá',NULL,'N'),(532,'2014-12-05','2014-12-05 16:04:42','2014-12-05 16:04:42',15,3,2,'F',60,1.5,'Gestión PRV\nLlevar documentos al Banco GNB y CONTINENTAL. ',NULL,'N'),(533,'2014-12-05','2014-12-05 21:15:02','2014-12-05 21:15:02',37,0,2,'F',200,5.0,'Gestiones\n1-Llevar sobres y Kits Publicitarios al Banco Continental (hasta las 15:00 hs)\n2-Ir a la Escribania ubicada Frente a la Plaza Uruguaya. (Urgente esta seria la primera gestion a realizar) (la ubicacion exacta le explicaremos al courrier)\n3-Ir a Asoleu Mayor Rivarola casi Lillo.\n4-Ir a retirar de HPTI regalos: 25 de mayo esq Martinez Ramella.',NULL,'N'),(534,'2014-12-05','2014-12-05 21:18:08','2014-12-05 21:18:08',39,4,2,'F',180,4.5,'Gestiones \n1- Petirossi 340 c/ Pai Pérez – Astro S.A\n2- Avda. Aviadores del Chaco 1727 c/ Cesar López Moreira – Villandry S.A\n3- Del Trabajador C/ Avda. Perón – Noa Emprendimientos\n4- Ricardo Brugada 196 c/ Luis Morales – GHP\n5- Mcal López 5557 – Cuevas Hnos\n6- España casi Pitiantuta – Hidrocenter\n',NULL,'N'),(535,'2014-12-05','2014-12-05 21:20:58','2014-12-05 21:20:58',1,2,2,'F',80,2.0,'Ir a retirar de Lambare bolsones para entregar a Aseguradora Tajy, luego pasar por el domicilio de la sra. Diana retirar un termo y un bolsa también entregar a tajy.',NULL,'N'),(536,'2014-12-05','2014-12-05 21:23:59','2014-12-05 21:23:59',32,4,2,'F',40,1.0,'Ir a retirar cheque de  Roemmers Paraguay Pitiantuta 613 esq. Juan de Salazar luego llevar a la oficina de Mambo.',NULL,'N'),(537,'2014-12-05','2014-12-05 21:31:53','2014-12-05 21:31:53',10,3,2,'F',40,1.0,'Ir a retirar factura de Radio Latina luego ir a retirar cheque de RIEDER & CÍA  Av. Artigas 1945 E/altos.',NULL,'N'),(538,'2014-12-06','2014-12-06 15:09:57','2014-12-06 15:09:57',16,5,2,'P',20,1.0,'prueba',NULL,'N'),(539,'2014-12-09','2014-12-09 12:26:37','2014-12-09 12:26:37',23,4,2,'F',40,1.0,'Retiro de aporte \nNombre:  Francisca Ramírez de Díaz.\nNúmero de celular: 0986-129-107\nDirección: Municipalidad de Asunción, oficina de dirección de Tránsito  1º piso bloque C.\nAporte: 90.000 guaraníes, Efectivo.\nHorario de retiro: de 09:00 hs.\n',NULL,'N'),(540,'2014-12-09','2014-12-09 12:34:22','2014-12-09 12:34:22',13,1,2,'F',40,1.0,'Ir a llevar mause al domicilio de la Sra Marta \nDirección: Mcal. Estigarribia 2130 esq. Mayor Bullo \nEdificio Tifani departamento 5 \n',NULL,'N'),(541,'2014-12-09','2014-12-09 12:42:39','2014-12-09 12:42:39',23,4,2,'F',40,1.0,'Gestiones pedido Rosa.\nEntregar sobres en:\n1- Avda. Artigas esq. Central (Bapesa)\n2- José Martí 5309 esq. Cruz del Defensor.(TAPE PORA)\n3- España 1489 entre Santa Ana y San Rafael Ofic. 22 (CONSTRUTEC)\n4- Avda. Ita Ybate c/ J. F. Bogado Barrio Obrero (CALDETEC).',NULL,'N'),(542,'2014-12-09','2014-12-09 12:57:10','2014-12-09 12:57:10',23,4,2,'F',40,1.0,'Retiro de aporte II\nNombre:  Aurora Guillen de Yugovich\nNúmero de celular: 0981-256-258\nDirección: Arellano N°2039 entre teniente Prieto y Comandante Gamarra  (Sajonia)\nAporte: 90.000 guaraníes. \nHorario de retiro: transcurso de la mañana',NULL,'N'),(543,'2014-12-09','2014-12-09 13:15:03','2014-12-09 13:15:03',11,3,2,'F',40,1.0,'Ir a Unicef Dirección: avenida Mariscal López esq. Saraví - Edificio Naciones Unidas - 1er. piso. junto a Laura Olmedo llevar factura de Activamente. ',NULL,'N'),(544,'2014-12-09','2014-12-09 13:42:50','2014-12-09 13:42:50',37,1,2,'F',80,2.0,'Ir a retirar de la oficina de Documenta documentos, llevar a Escribania Licitra luego llevar SEPRELAD (dentro del Bcp) Federación Rusa y Augusto Roa Bastos.',NULL,'N'),(545,'2014-12-09','2014-12-09 18:26:42','2014-12-09 18:26:42',28,4,2,'F',100,2.5,'Cobranzas\n1. Segel – Rca. Dominicana 438 c/ España\n2. Foro Brasil Paraguay – Gral Santos – Complejo Santos\nEntrega de facturas\n1. TEISA\n2. BBVA\n ',NULL,'N'),(546,'2014-12-09','2014-12-09 20:34:36','2014-12-09 20:34:36',14,3,2,'F',40,1.0,'Ir a retirar kit de la peluquería de Javier llevar a Teniente Insfran c/ Centenario 3112 Lambare (frente a la Cooperativa don Bosco)',NULL,'N'),(547,'2014-12-09','2014-12-09 20:39:05','2014-12-09 20:39:05',54,4,2,'F',40,1.0,' Gestión.\n1- Retirar Facturas de Guatambu 4035 Casi Mbya.  Barrio San Pablo. Asunción\n2- Entregar al Oscar Fernandez.   ELECTROBAN.  Ruta Mcal. Estigarribia N. 1114 c/ Pitiantuta - Zona Norte - Fernando de la Mora\n',NULL,'N'),(548,'2014-12-09','2014-12-09 20:42:37','2014-12-09 20:42:37',30,1,2,'F',120,3.0,'Gestión \n1- Ir hasta  LASCA: planta industrial: Ruta Mcal Estigarribia Km 9,Telefono: 506 889. La persona encargada es Diana Cantero: Departamento de Control de Calidad.\n2- Proceder al retiro de un equipo envuelto en una caja de 40 cm x 40 cm, peso aproximado 6 kg,  mas una computadora, retirar un recibo de dinero.\n2-  hasta  Laboratorios Scavone Hnos. S.A. Santa Ana 431 y Avda. España Telefax: 608 171 Asunción Paraguay – Departamento de tesorería, y retirar efectivo  nombre de Micronal Instrumentos de Precisión S.A.\n3- Llegar hasta Micronal a entregar lo retirado a Diosnel Benítez o Lucio Maidana.',NULL,'N'),(549,'2014-12-09','2014-12-09 20:45:13','2014-12-09 20:45:13',13,3,2,'F',40,1.0,'Ir a comprar cables, llaves y una caja de grampa de la ferretería Carmen. ',NULL,'N'),(550,'2014-12-09','2014-12-09 20:48:29','2014-12-09 20:48:29',37,3,2,'F',40,1.0,'Retirar documento de la oficina de Documenta llevar a Banco Continental  SAECA Avda. Mcal. Lopez entregar a Carolina Borbon o Alberto Urbieta.',NULL,'N'),(551,'2014-12-09','2014-12-09 20:56:01','2014-12-09 20:56:01',15,3,2,'F',40,1.0,'Gestión PRV\n Llevar documento a GNB. Avda. Mcal Lopez.',NULL,'N'),(552,'2014-12-09','2014-12-09 21:01:15','2014-12-09 21:01:15',12,2,2,'F',40,1.0,'Ir a retirar una mochila del domicilio del sr. Andres, llevar a su oficina  Auditores de la guerra del Chaco c/ Primer Presidente.',NULL,'N'),(553,'2014-12-09','2014-12-09 21:02:08','2014-12-09 21:02:08',18,3,2,'F',40,1.0,'Llevar dos lentes al domicilio de la sra. Maga.',NULL,'N'),(554,'2014-12-09','2014-12-09 21:05:24','2014-12-09 21:05:24',69,3,2,'F',40,1.0,'Ir a retirar 15 baldes de la Ferretería Local Comercial  (2A) Petirosi 787 c/ Mayor Fleitas llevar a My Eventos.',NULL,'N'),(555,'2014-12-10','2014-12-10 11:11:09','2014-12-10 11:11:09',11,3,2,'F',40,1.0,'Ir a retirar banner de Cemika  Av. Gral. Santos #2137 c/ Obispo Maíz .traer a la oficina ',NULL,'N'),(556,'2014-12-10','2014-12-10 11:14:56','2014-12-10 11:14:56',1,1,2,'F',40,1.0,'Ir a retirar unos Kepis de Hábitat del domicilio de la sra Diana Traer a la oficina entregar a Belen. ',NULL,'N'),(557,'2014-12-10','2014-12-10 11:46:07','2014-12-10 11:46:07',50,1,2,'F',240,6.0,'Entregas\n1- Fatima Monjes r de los Rios y Catevello (shopping el portal entrar 7 cuadras a la izquierda y doblar a la derecha una y media, la unica casa de dos plantas)Mariano 3L. De leche \n2-Anahi Tortorello Azteca 470 esq. Guavira (Mariano Roque Alonzo) 3L. De leche/ 1 l de yogurt Vainilla \n3- Mario Acuña Battilana 1060 y Peru 4L. De leche \n4- David Portillo Santa Teresa 3525 y Panchito Lopez (frente al Hotel Santa Maria, a lado mismo del Copetin, es una Peluqueria) 3L. De leche/ 2 L. yogurt Vainilla \n5- Alejandra Duarte Fernando de la Mora 1445 entre Doctor Centurion y Tte. Algorta 2L de leche/ 1L. De yogurt frutilla \n6- Jose Gauto Grecia 1245 casi Europa 3L. De leche/ 2L de Yogurt( 1 Frutilla, 1Natural) \n7- Maria de Lopez Yvya esq. Ypora (detrás del colegio pablo avila 3L. De leche \n8- Gustavo Zimmerliz Artigas 1140 y Dominicana (Café Mayo) 3L. De leche (la persona a quien le teníamos que entregar viajo)  ',NULL,'N'),(558,'2014-12-10','2014-12-10 13:54:57','2014-12-10 13:54:57',70,6,2,'F',40,1.0,'Ir a retirar un LCD Plasma del domicilio del sr. Heriberto, Yatayty Corá casi Gral. Aquino llevar a el servicio tecnico del sr.  Adolfo Ascurra dr. Paiva 2067 (Sajonia) ',NULL,'N'),(559,'2014-12-10','2014-12-10 16:30:34','2014-12-10 16:30:34',64,2,2,'F',40,1.0,'Ir a hacer verificación vehicular (para corroboracion de datos) ',NULL,'N'),(560,'2014-12-10','2014-12-10 17:58:52','2014-12-10 17:58:52',13,1,2,'F',40,1.0,'Ir a hacer verificación, pago de seguro en  MAPFRE   Mcal. López 910 esq. Gral. Aquino',NULL,'N'),(561,'2014-12-10','2014-12-10 18:00:27','2014-12-10 18:00:27',23,3,2,'F',40,1.0,'Entregar un Sobre y Formulario al Sr. Anil Mahatni en la dirección Avda Perù esquina Rca de Colombia ( El Ofertazo) ',NULL,'N'),(562,'2014-12-10','2014-12-10 18:08:23','2014-12-10 18:08:23',18,3,2,'F',35,1.0,'Llevar lentes a Fabiana Argaña 327 e/ pedro Ballota entre la Plaza Walt Disney (duplex color Beige) No dejo ningún lente pidió otros mas grandes.',NULL,'N'),(563,'2014-12-10','2014-12-10 18:24:01','2014-12-10 18:24:01',1,6,2,'F',80,2.0,'Ir al domicilio de la sra. Diana  retirar recibo e ir a cobrar a Tajy y Yacyreta. \nTajy Avda. San Martín \nyacyreta, Aviadores del chaco.  ',NULL,'N'),(564,'2014-12-10','2014-12-10 18:30:43','2014-12-10 18:30:43',20,1,2,'F',40,1.0,'Ir a NSA terminar a retirar encomienda de Hector Duarte (un paquete de regalo) ',NULL,'N'),(565,'2014-12-10','2014-12-10 18:35:05','2014-12-10 18:35:05',27,4,2,'F',40,1.0,'Ir a retirar pago de DHL ',NULL,'N'),(566,'2014-12-10','2014-12-10 20:09:51','2014-12-10 20:09:51',11,3,2,'F',40,1.0,'Ir a llevar material en la casa de la sra. Olga Bariocanal. pasaje paredes 1224 c/tte. Insauralde (barrio Jara) ',NULL,'N'),(567,'2014-12-11','2014-12-11 11:38:04','2014-12-11 11:38:04',60,1,2,'F',40,1.0,'Ir a retirar tintas de J. Fleischman y Cia. Teniente Nicolas Casanabe y teniente Victor Valdez luego llevare a  Casseli Law Firm entregar a Elena.',NULL,'N'),(568,'2014-12-11','2014-12-11 11:40:03','2014-12-11 11:40:03',23,4,2,'F',40,1.0,'Aporte I\nNombre:  Mirian Beatriz Doldan Duarte \nNúmero de celular: 206-733 - 0981-455-566\nDirección: campo via Nº 1426 c/ Avda proceres de mayo o fdo de la mora a 2 cuadras de la calle Ana Diaz Bº San Vicente cerca del mercado 4\nAporte: 90.000 guaraníes. \nHorario de retiro: 09:00 hs',NULL,'N'),(569,'2014-12-11','2014-12-11 12:01:57','2014-12-11 12:01:57',28,4,2,'F',140,3.5,'Gestión, Miércoles 11 \n1- Deposito Itau .\n2- LA BLANCA – factura y cambiar un cheque . \n3- COOPERATIVA 7 DE AGOSTO - entregar factura\n4- NIKE – ZAVIDORO CORPORATION \n5-  PARASUR – factura\n ',NULL,'N'),(570,'2014-12-11','2014-12-11 12:10:46','2014-12-11 12:10:46',23,3,2,'F',40,1.0,'Ir a retirar aporte del Congreso \n- Senador Nelson Aginagalde  (no se le pudo cobrar porque no tenia todo el efectivo) ',NULL,'N'),(571,'2014-12-11','2014-12-11 13:57:10','2014-12-11 13:57:10',10,3,2,'F',40,1.0,'Ir a retirar una factura de Manuel Talavera 223 c/ Guido Espano  llevar a Avda Gral M Santos en la esquina de Texilia Fue entregado a la sra. Maria del Carmen.',NULL,'N'),(572,'2014-12-11','2014-12-11 15:02:47','2014-12-11 15:02:47',1,1,2,'F',130,3.5,'Gestiones\nIr a retirar de la casa de la sra. Diana remisión luego ir a  Lambare, 14 de Mayo  unos Hoppys y unos bolígrafos.\n- Entrega de bolígrafos en Che Duo con Cynthia Miño Oliva y Alberdi (en la esquina).\n- Entrega de Yoppys entregar a Tatiana Perez Aseguradora Tajy. ',NULL,'N'),(573,'2014-12-11','2014-12-11 15:07:53','2014-12-11 15:07:53',23,3,2,'F',40,1.0,'Ir a retirar aporte del Congreso \n- Senador Nelson Aginagalde (se fueron esta mañana le pidió al asistente de servicio que vuelva para las 11:30hs.)',NULL,'N'),(574,'2014-12-11','2014-12-11 15:09:02','2014-12-11 15:09:02',11,6,2,'F',40,1.0,'Ir a llevar a Ami a Carmelitas Center. ',NULL,'N'),(575,'2014-12-11','2014-12-11 15:50:43','2014-12-11 15:50:43',28,6,2,'F',80,2.0,'1.  Banco BNF – cobrar un cheque – una vez cobrado llevar a la casa de la Dra. Inés López una parte y el resto traer a la oficina.\n2. Contadora GRACIELA VILLALBA – llevar dos sobres.\n ',NULL,'N'),(576,'2014-12-11','2014-12-11 16:27:52','2014-12-11 16:27:52',60,1,2,'F',60,1.5,'Ir a retirar factura de la oficina de Casseli e ir a llevar a galletitas Mazzei  Von Poleski 5269 casi Paso Medín  - Villa Elisa Paraguay.',NULL,'N'),(577,'2014-12-11','2014-12-11 16:30:35','2014-12-11 16:30:35',11,4,2,'F',40,1.0,'Retirar unas tarjetas de Navidad de la empresa AGR, o sea con Carlos Amella Austria 2832 c/ Cnel. Cabrera. Asunción traer a la oficina. ',NULL,'N'),(578,'2014-12-11','2014-12-11 16:34:38','2014-12-11 16:34:38',15,6,2,'F',60,1.5,'Gestión PRV \n 1- Ir a san Lorenzo II (10 de agosto N° 430 c/ Sto Silva) Retirar de Yohana tres atrapamoscas y llevar los mismos a la sucursal de FAMA (entregar a Hernán) la dirección es Cerro Corá 50  y Carlos Antonio López, Frente a la iglesia Virgen del Rosario, la iglesia central de Luque\n',NULL,'N'),(579,'2014-12-11','2014-12-11 16:42:30','2014-12-11 16:42:30',12,3,2,'F',90,2.5,'Gestiones\nPagos de facturas \n1- Factura de Personal, Avda. España \n2- Cuota de Club de Ejecutivos  Avda. España \n3- Banco Atlas ',NULL,'N'),(580,'2014-12-11','2014-12-11 16:47:45','2014-12-11 16:47:45',32,4,2,'F',60,1.5,'Ir a la  Oficina de Mambo S.A retirar factura e ir a Unilever (Villa Elisa) fue entregado a Carmiña Martinez.',NULL,'N'),(581,'2014-12-11','2014-12-11 16:54:10','2014-12-11 16:54:10',15,3,2,'F',40,1.0,'Gestión PRV llevar una muestra de cierra e ir a comprar del mercado 4 uno igual.\n ',NULL,'N'),(582,'2014-12-11','2014-12-11 18:45:38','2014-12-11 18:45:38',15,3,2,'F',40,1.0,'Gestion PRV \n Retirar 1 (unid) de etiquetadora para etiquetas de Elab y vencimiento.\nA nombre de PRV STORES PY S.A.\nFactura a crédito.\nPedirle a Ramón Rodríguez.(vendedor)\nCompañía de Desarrollo Industrial Gráfico S.A.\nLegión Civil Extranjera 1227, Villa Morra.\nPor favor que vayan hoy. Hasta las 5 de la tarde están.',NULL,'N'),(583,'2014-12-11','2014-12-11 19:28:35','2014-12-11 19:28:35',37,2,2,'F',80,2.0,'Gestiones, Pedido de Cecia \nRetirar unos regalos (retirar 5 termos) de Documenta llevar a  Estrella c/  15 de Agosto al costado de financiera Rio Edificio Estrella Piso 5 \n- Llevar a  Banco Continetal\nDirección: Mcal. Lopez esquina General Garay\n y luego a Financiera Paraguaya Japonesa Mcal. Lopez y Bélgica \n',NULL,'N'),(584,'2014-12-11','2014-12-11 20:04:52','2014-12-11 20:04:52',11,1,2,'F',40,1.0,'Ir a llevar factura a Punto a punto Avda. 5ta. 255 casi Chile. \n(el sr. no se encontraba volver a ir) ',NULL,'N'),(585,'2014-12-12','2014-12-12 12:45:51','2014-12-12 12:45:51',11,1,2,'F',40,1.0,'Ir a llevar factura a Punto a punto Avda. 5ta. 255 casi Chile. ',NULL,'N'),(586,'2014-12-12','2014-12-12 12:51:42','2014-12-12 12:51:42',27,1,2,'F',40,1.0,'Ir a llevar pago a Diego Altamirano ',NULL,'N'),(587,'2014-12-12','2014-12-12 13:01:30','2014-12-12 13:01:30',15,1,2,'F',40,1.0,'Retirar de la oficina de DAP  una factura y llevar a  dirección: Dr. Paiva 1347 “A” casi Capitán Win, SAJONIA',NULL,'N'),(588,'2014-12-12','2014-12-12 15:05:49','2014-12-12 15:05:49',53,1,2,'F',40,1.0,'Servicio de envío de productos (Grill y Radio grabador; transportabas en moto) de La Electrotienda; a Automóvil Supply - Sucursal Centro.\n',NULL,'N'),(589,'2014-12-12','2014-12-12 15:14:55','2014-12-12 15:14:55',37,2,2,'F',120,3.0,'Gestiones Pedido de Cecia \n1- Ir a Escribania Licitra  Estrella y Mexico retirar documento llevar a la oficina de Documenta \n2- Retirar Impresoras de Documenta  llevar a Banco Continental Casa Matriz. \n3- Retirar regalos de Claro llevar a la Oficina de Documenta. Avda. Mcal Lopez ',NULL,'N'),(590,'2014-12-12','2014-12-12 16:34:00','2014-12-12 16:34:00',38,6,2,'F',40,1.0,'1- Ir a la oficina de Eti retirar documentos llevar a  Ministerio Público,  Chile y Jejui \n2- Ir a retirar documentos en Aduana. (no le quisieron entregar a Isabelino porque necesitan una autorización ya le comunique a David)  ',NULL,'N'),(591,'2014-12-12','2014-12-12 17:27:31','2014-12-12 17:27:31',60,6,2,'F',40,1.0,'Ir a buscar una receta de Teodoro S. Mongelos  4056 c/ Teniente Martienez Ramella de parte de Carol Casseli  llevar a Mcal. Estigarribia c/ General Aquino Edificio Cheita frente a la plaza Batallón 40  fue entregado a Luis Gonzalez (el portero) ',NULL,'N'),(592,'2014-12-12','2014-12-12 18:39:16','2014-12-12 18:39:16',21,2,2,'A',120,3.0,'Cobranzas \nLibrería Nova: Eusebio Ayala\nFLAYPRINT:   Solar Guaraní 1256 c/José A. Flores\nAGROFIELD: Choferes del chaco .',NULL,'N'),(593,'2014-12-12','2014-12-12 18:46:24','2014-12-12 18:46:24',39,2,2,'A',80,2.0,'Entregas de Recibos \n1- EEUU 341 e/ Mcal Estigarribia - Hotel Cecilia\n2- Avda España - Universidad Columbia ',NULL,'N'),(594,'2014-12-13','2014-12-13 12:33:13','2014-12-13 12:33:13',50,3,2,'F',320,8.0,'Entregas\n1- EcoAgro (Paulino) Ruta General Eugenio A. Garay y Cañada Solis San Lorenzo, Laurelty 10 quesos 200gr.\n2- Andres Bogado Villalba. Sra Clotilde 1ro de Marzo 328 e/ 12 de junio e Itaybate. Km 8.5 Zono Sur Fernando de la Mora.  4L. De leche/ 4 L. de yogurt/ 1 queso con oregano\n3- Fatima Monjes Hector de los Rios y Catevello (shopping el portal entrar 7 cuadras a la izquierda y doblar a la derecha una y media, la unica casa de dos plantas)Mariano 3L. De leche. \n4- Mario Acuña Battilana 1060 y Peru 5L. De leche \n 5- David Portillo Santa Teresa 3525 y Panchito Lopez (frente al Hotel Santa Maria, a lado mismo del Copetin, es una Peluqueria) 2L. De leche/ 2 L. yogurt Coco \n6- Andrea Narvaja Tte. Oscar Bottana 255 c/ Tte Lopez (Al lado de la peluqueria Andrea)San Pablo 3L. De leche/ 1 Yogurt de Vainilla \n7- Alejandra Duarte Fernando de la Mora 1445 entre Doctor Centurion y Tte. Algorta 2L de leche/ 2L. De yogurt fruti vaini \n8- Anahi Tortorello Azteca 470 esq. Guavira (Mariano Roque Alonzo) 3L. De leche/ 1 l de yogurt Coco \n9- Gonzalo Sinfuriano Defensores del chaco y villa del Carmen 5L. De leche + 2 de repocicion',NULL,'N'),(595,'2014-12-13','2014-12-13 12:48:18','2014-12-13 12:48:18',15,2,2,'F',80,2.0,'Gestión PRV\nIr a comprar  19 canastas para verduras, de ENVAPAR, la dirección es Avenida Mcal. Estigarribia KM9, junto a Natalia 0994 203831.\n ',NULL,'N'),(596,'2014-12-14','2014-12-15 01:29:04','2014-12-15 01:29:04',16,5,2,'P',90,2.5,'PRueba de gentileza',NULL,'S'),(597,'2014-12-15','2014-12-15 11:34:22','2014-12-15 11:34:22',43,1,2,'F',60,1.5,'1-  Ir a la Oficina del Sr. Enrique  edificio Arasa 2 Benjamín Constan casi Colon piso 7 oficina 714. llevar notebook a reparar en Estados Unidos 951 con el señor Carlos Luis Esculies. \n2- De paso pasar a dejar unos uniformes a la lavandería.  ',NULL,'S'),(598,'2014-12-15','2014-12-15 13:48:27','2014-12-15 13:48:27',39,3,2,'F',100,2.5,'Retirar pagos\n1- EEUU 341 e/ Mcal Estigarribia - Hotel Cecilia \n2- Avda. España - Universidad Columbia\n3- Avda. España 1759 e/ Pitiantuta – Hidrocenter\n4- Avda. España 766 c/ Gral Garay  - club de Ejecutivos \n ',NULL,'N'),(599,'2014-12-15','2014-12-15 14:07:24','2014-12-15 14:07:24',71,3,2,'F',80,2.0,'Entregas  \n* Alba Zaracho, Mcal. Lopez 1187, esq, Gral Melgarejo. (1 pedido)\n* Acela Morinigo, Jose Ocampos Lanzonni 590, casi 4 de Julio (5 pedidos)\n* Geraldine Fretes, R i 4 Curupayty 264 casi Boggiani, Edif. NEXO (1 pedido)\n',NULL,'N'),(600,'2014-12-15','2014-12-15 14:14:58','2014-12-15 14:14:58',39,4,2,'F',40,1.0,'1- EEUU 341 e/ Mcal Estigarribia - Hotel Cecilia (ir de vuelta el monto del cheque es otro) ',NULL,'N'),(601,'2014-12-15','2014-12-15 14:16:48','2014-12-15 14:16:48',11,4,2,'F',40,1.0,'Ir a llevar material a AGR Austria 2832 c/ Cnel. Cabrera entregar a Carlos Amella ',NULL,'N'),(602,'2014-12-15','2014-12-15 15:24:13','2014-12-15 15:24:13',46,1,2,'F',240,6.0,'Entregas de regalos empresariales. viernes 12\n1- Bayer Jorge Davis, Avda. Sta. Teresa nro 2245 c/ Aviadores del Chaco (Campo Grande)          -  Bayer Victor Espinola Avda. Santa Teresa nro. 2245 c/ Aviadores del Chaco \n2- Boehringer Ingelhelm,  Dario Fernandez Boggiani  5823 c/ Natalicio Gonzalez Barrio   Mcal. Estigarribia \n- Boehringer Ingelhelm, Marcelo Ruiz  Boggiani  5823 c/ Natalicio Gonzalez \n- Boehringer Ingelhelm,  Carmen Delgadillo Boggiani  5823 c/ Natalicio Gonzalez \n3- Casa Boller, Alejando Mussi Aviadores del Chaco 2518 casi San Blas Campo Grande \n- Casa Boller, Andres Campos Cervera Aviadores del Chaco 2518 casi San Blas \n- Casa Boller, Fabricio Serratti Aviadores del Chaco 2518 casi San Blas Campo Grande \n4- Dallas S.A patricia Chamorro Tte. Ruiz 725 e/ Washintong y Tte Morales Las Mercedes\n5- Farmacéutica Paraguaya Raul Ferreira Aviadores del Chaco 2462 e/ Santa Teresa \n6- Farmacia Catedral Oscar Vicente Scavone Santa Ana 431 c/ España \n7- Recalcine Edgar Villalba Dr. Cesar Lopez Moreira Santisima Trinidad \n- Recalcine vanessa Deligdisch  Dr. Cesar Lopez Moreira Santisima Trinidad \n- Recalcine  Cesar Bergottini  Dr. Cesar Lopez Moreira Santisima Trinidad ',NULL,'N'),(603,'2014-12-15','2014-12-15 15:26:50','2014-12-15 15:26:50',11,1,2,'F',40,1.0,'Ir a Hábitat rembolsar factura de viaje (Belén)  cobertura ',NULL,'N'),(604,'2014-12-15','2014-12-15 16:27:48','2014-12-15 16:27:48',72,1,2,'F',40,1.0,'ir a  Global Infancia 2011 – Todos los derechos reservados\nAvda. Defensores del Chaco 268 y Soriano González, primer piso retirar factura llevar a Universidad Catolica (centro) Secretaria del Decanato de Filosofía entregar a Arnaldo.',NULL,'N'),(605,'2014-12-15','2014-12-15 16:42:42','2014-12-15 16:42:42',73,1,2,'F',80,2.0,'Pasar por la oficina del sr. Juan Carlos situada en Lugano (1ra) 339 entre Chile y Alberdi para realizar lo siguiente\n1. Dejar sobre a la Sra. Francisca Gompertt en Austria 1742 C/ Viena 0981 417211\n2. Dejar sobre  y factura a  (Luego traer de vuelta acuse)\nJessica Gamarra\nRecepción Gerencias\nBanco Regional S.A.E.C.A.\nOficinas Villa Morra\nCruz del Chaco e/ Av. Mcal. López y Quesada\nAsunción, Paraguay\nTel.: (59521) 6194003\nEdificio Citicenter \n10º Piso',NULL,'N'),(606,'2014-12-15','2014-12-15 17:18:11','2014-12-15 17:18:11',52,4,2,'F',110,3.0,'Gestiones \n1- Hacer giros tigo 410.000 p/0981612908 desde 0981637632\n2- Factura Tigo 0981637632 235.000 (telefonía) \n3- Carga de saldo 0981637632  50.000gs.\n4- Pago de personal (internet) 0976137109 15.000gs\n5- Ir a Joyeria sr. Fabio 0984232278 (Luque)\n- Darle recibo 780.000gs.\n-Retirar 25 cajitas c/ denarios de plata factura Ines Lopez 802390-5\n5-Vinchas Sra. Pati 182.000 0991714466\nHerrera 3747 c/ Gaudioso Nuñez\nLlevar a Rodriguez de Francia 747 c/ Tacuari Escribania  lado de la farmacia Arbo ',NULL,'N'),(608,'2014-12-15','2014-12-15 19:17:58','2014-12-15 19:17:58',15,3,2,'F',40,1.0,'Llevar  unos documentos a la Escribanía NARVAJA, dirección Fulgencio R Moreno 509 esquina México, edificio las colinas 6to piso, junto a Elizabeth\n ',NULL,'N'),(609,'2014-12-15','2014-12-15 19:56:30','2014-12-15 19:56:30',15,4,2,'F',40,1.0,'Gestión PRV  Retirar y pagar sellos en NEW SHOW SELLOS, CHILE 713 C/ HAEDO.\nPasar por Dap retirar efectivo. ',NULL,'N'),(610,'2014-12-15','2014-12-15 19:59:22','2014-12-15 19:59:22',18,3,2,'F',40,1.0,'Ir a llevar lentes al domicilio de la sra, Maga y pagos ',NULL,'N'),(611,'2014-12-15','2014-12-15 20:09:15','2014-12-15 20:09:15',74,1,2,'F',40,1.0,'Ir a retirar un repuesto de Mortio y 12 de Junio  llevar a San Lorenzo cerca de  (Nico) ',NULL,'N'),(612,'2014-12-15','2014-12-15 21:05:55','2014-12-15 21:05:55',15,1,2,'F',40,1.0,'Gestión PRV \nLlevar cheque  a SAN LORENZO II.',NULL,'N'),(613,'2014-12-16','2014-12-16 12:32:28','2014-12-16 12:32:28',75,1,2,'F',40,1.0,'Relizar verificación vehicular, planta verificadora de San Lorenzo.',NULL,'N'),(614,'2014-12-16','2014-12-16 12:34:52','2014-12-16 12:34:52',6,2,2,'F',1,1.0,'Ir a Coomecipar casa central buscar autorizaciòn para retirar un documento de la UIP y llevar el documento a Coomecipar casa central.',NULL,'S'),(615,'2014-12-16','2014-12-16 13:18:21','2014-12-16 13:18:21',76,3,2,'F',40,1.0,'Retirar canastas de lambare Cooperativa Conexa, barrio San Isidro y llevar a Documenta.',NULL,'N'),(616,'2014-12-16','2014-12-16 13:20:16','2014-12-16 13:20:16',28,4,2,'F',160,4.0,'Gestiones\n1- Banco Itaú – dejar documento – España y Brasilia\n2- DESA – 25 de mayo y mayor bullho – retirar cheque\n3- Contadora – dejar documento, retirar nota de crédito, hacer fotocopia de la nota de crédito – oliva y 15 de agosto\n4-  Ir a NIKE – Zavidoro – pero antes hacer autenticar la copia de factura para poder dejar.\n5- Pagar tarjeta del banco BBVA – en lugares de pagos\n6- Cooperativa 7 de Agosto – retirar facturas, dejar nota de crédito y hacer firmar copia como nota de remisión.\n \n ',NULL,'N'),(617,'2014-12-16','2014-12-16 14:26:07','2014-12-16 14:26:07',15,4,2,'F',40,1.0,'Retirar la Cedula verde de la Mahindra está a nombre de DAP esto hay que retirar de:\nVolver al sitio de Motormarket\nMOTORMARKET S.A. \nAv. Defensores del Chaco 955 - Fernando de la Mora \nTel.:  (21) 519 2000',NULL,'N'),(618,'2014-12-16','2014-12-16 17:26:26','2014-12-16 17:26:26',1,3,2,'F',40,1.0,'Ir a retirar remeras del domicilio de la sra. Diana y llevar a Py Comunicaciones junto a Ester también retirar factura llevar a Hábitat. ',NULL,'N'),(619,'2014-12-16','2014-12-16 19:00:13','2014-12-16 19:00:13',39,3,2,'F',40,1.0,'Ir a llevar factura \n1- Avda. España 2580 c/ Sacramento  - Martin Masi',NULL,'N'),(620,'2014-12-17','2014-12-17 13:12:37','2014-12-17 13:12:37',28,1,2,'F',60,1.5,'1. Contadora: papeles de ALAM VAN HUMBEECK\n2. DESA – cobrar cheque hoy no estaba la persona q paga',NULL,'N'),(621,'2014-12-17','2014-12-17 13:26:51','2014-12-17 13:26:51',21,1,2,'F',40,1.0,'Ir a retirar cheque de Unicef, Banco Itau Chile y Oliva. luego llevar de vuelta a la oficinas de Parpack .',NULL,'N'),(622,'2014-12-17','2014-12-17 13:50:12','2014-12-17 13:50:12',60,3,2,'F',40,1.0,'Ir a la oficina, llevar factura Helacor Paraguay SA (José Ocampos Lanzoni 488, Villa Morra) cobrar y volver a la oficina.',NULL,'N'),(623,'2014-12-17','2014-12-17 14:34:25','2014-12-17 14:34:25',11,4,2,'F',60,1.5,'Ir a comprar batería de celular para Ami, llevar a Dequeni luego comprar bolsas de Navidad traer a la oficina. ',NULL,'N'),(624,'2014-12-17','2014-12-17 15:58:03','2014-12-17 15:58:03',15,2,2,'F',40,1.0,'Gestión PVR \n llevar un cheque a Barrio Obrero, 14 de mayo y 21 proyectadas',NULL,'N'),(625,'2014-12-17','2014-12-17 15:59:23','2014-12-17 15:59:23',15,2,2,'F',40,1.0,'Gestión DAP \n  llevar unos documentos a farmacenter sobre España.',NULL,'N'),(626,'2014-12-17','2014-12-17 16:08:37','2014-12-17 16:08:37',21,1,2,'A',40,1.0,' Ir a Fibrac,  San Lorenzo: Porvenir c/6ta. Barrio Kokueré',NULL,'N'),(627,'2014-12-17','2014-12-17 16:49:41','2014-12-17 16:49:41',18,4,2,'A',40,1.0,'Ir a la casa de la sra Maga retirar un producto llevar a Conatel. Pte. Franco esq. Ayolas edificio Aifra 4to Piso (division Patrimonios) Tablet 265000 entregar a Alfonso  0981243149 (no se entrego el producto porque el sr. se retiro antes de la hora establecida) ',NULL,'N'),(628,'2014-12-17','2014-12-17 17:11:24','2014-12-17 17:11:24',52,3,2,'F',40,1.0,'Ir a retirar una factura del domicilio de la sra. Maria Ines llevar a Camara Nacional de Comercio y Servcios de Paraguay\nEstrella 550 c/ 14 de Mayo y 15 de Agosto. ',NULL,'N'),(629,'2014-12-17','2014-12-17 18:02:40','2014-12-17 18:02:40',18,2,2,'F',35,1.0,'Ir a retirar encomienda de charles de Gaulle llevar a la casa de la sra. Maga. ',NULL,'N'),(630,'2014-12-17','2014-12-17 18:38:35','2014-12-17 18:38:35',37,4,2,'E',40,1.0,'Ir a retirar de la oficina de Documenta, documentos llevar a Banco Continetal\n Dirección: Mcal. Lopez esquina General Garay\n',NULL,'N'),(631,'2014-12-17','2014-12-17 18:53:15','2014-12-17 18:53:15',15,4,2,'F',40,1.0,'Retirar documentos de PRICE WATER HOUSE, dirección General Diaz casi 14 de mayo, edificio internacional faro 521, 6to piso, junto a Aracely',NULL,'N'),(632,'2014-12-17','2014-12-17 19:45:18','2014-12-17 19:45:18',18,1,2,'F',40,1.0,'1- Envió de una tablet a Silvia Barrio San Vicente 1688 Padre Casanello casi Pampa Grande Tablet 265.000 \n2- Rodrigo Zelaya 0981985754 Montevideo 1955 e/ Septima y Octaba una tablet 265.000 ',NULL,'N'),(633,'2014-12-17','2014-12-17 20:48:46','2014-12-17 20:48:46',14,3,2,'F',100,2.5,'Gestiones\n1- Essap Sra  Selva Gaona 497610\n   (no se abono) se cerro a las 14hs.\n2-Tarjeta Itau Tigo Selva Gaona (mando la foto por whatsapp)\n3-Prestamo visión Gaspar cabrera 1960404\n4-Giro tigo 185 mil a Eduardo Franco 0983 306701 de Gaspar cabrera 0985 438057\n5-Compra de materiales eléctric\n40 m de cable 5 mm (condel)\n2 llaves tm de 20AM\n2 llaves de pared para Aire Acondicionado-\n25 metros de caño para cable liso (común)\n\n',NULL,'N'),(634,'2014-12-18','2014-12-18 12:12:05','2014-12-18 12:12:05',18,4,2,'F',80,2.0,'1- Entrega para las 10 am Isabel Gini Fiscalia Sede central a una cuadra del Mall Chile esq. Jejui preguntar en recepción bloque 8 \n2-  Llevar a Conatel. Pte. Franco esq. Ayolas edificio Aifra 4to Piso (división Patrimonios) Tablet 265000 entregar a Alfonso  \n3- Entregar tablet antes de las 12 Betrariz Bogarin 0981985874 Dr. Candia 1023 Sajonia ',NULL,'N'),(635,'2014-12-18','2014-12-18 12:18:19','2014-12-18 12:18:19',23,4,2,'F',40,1.0,'1- Rca. de Colombia 580 c/ Paraguarí (OGA CONSTRUCCIONES S.A.)\n Ricardo Brugada c/ Luis de Morales (ESTRUCTURA INGENIERIA S.A.) a cargo de  (Cristhian Ramirez)',NULL,'N'),(636,'2014-12-18','2014-12-18 12:44:22','2014-12-18 12:44:22',77,4,2,'F',80,2.0,'Facturas a ser entregadas\n1-BERSOLID S.A. 001-001-0000127\nTeniente Jara Troche N° 655 (cerca de la ANDE)\n2-EXCELSIS S.A.C.I.G 001-001-0000128\nGeneral Santos Complejo Santos Local N5 N6\n3-CENTURY SISTEMS 001-001-0000129\nArtigas N° 2017 C/ Estanislao. (cerca de la Costa)\n4-NETVISION S.A. 001-001-0000130\nSargento Mareco N° 441 C/ España (cerca colegio Americano)\n\n',NULL,'S'),(637,'2014-12-18','2014-12-18 12:45:27','2014-12-18 12:45:27',14,4,2,'E',40,1.0,'Hacer pago Essap Maria Selva Gaona.',NULL,'N'),(638,'2014-12-18','2014-12-18 12:57:14','2014-12-18 12:57:14',18,3,2,'F',20,1.0,'1- Contaloria antes de las 10:00hs Nadia Dominguez 0971259959 Austria c/ Viena Lentes 650.000 retirar los lentes del domicilio de Maga.\n',NULL,'N'),(639,'2014-12-18','2014-12-18 13:01:46','2014-12-18 13:01:46',10,3,2,'F',40,1.0,'1- Ir a Oniria entregar sobre a Pauli Jara o Hugo Torres.\n2- Entrega de sobre en Florentin Toledo e/ San José y Artigas a Ale Fariña.\n',NULL,'S'),(640,'2014-12-18','2014-12-18 13:03:29','2014-12-18 13:03:29',52,3,2,'F',40,1.0,'Ir al domicilio de la Sra Maria Ines Lopez cabiar factura, llevar a Camara de Comercio Paraguayo Americana.',NULL,'N'),(641,'2014-12-18','2014-12-18 13:11:39','2014-12-18 13:11:39',23,6,2,'E',60,1.5,' 1- Autopista y Córdoba - Frente al aeropuerto (CONSTRUCTORA HEISECKE S.A.)\n 2- Tomás Ozuna c/ Campo Vía. (CONCRETEC)\n 3-Ricardo Brugada c/ Luis de Morales (ESTRUCTURA INGENIERIA S.A.) \n(a cargo de Cristhian Ramirez) ',NULL,'N'),(642,'2014-12-18','2014-12-18 13:17:21','2014-12-18 13:17:21',32,1,2,'F',60,1.5,'Ir a la oficina de Mambo retirar factura llevar a Unilever (villa Elisa) ',NULL,'N'),(643,'2014-12-18','2014-12-18 13:26:43','2014-12-18 13:26:43',11,4,2,'F',40,1.0,'1- Ir a Itau dirección chile esq. oliva: cobrar cheque de Gs. 6.650.000\npara ello llevar recibo y sello. se tiene tiempo hasta las 13:00 hs. traer\nel cheque en la oficina\n\n',NULL,'N'),(644,'2014-12-18','2014-12-18 13:33:29','2014-12-18 13:33:29',18,1,2,'F',40,1.0,'Entrega de tablet Silvio Paredes 0981929397 encontrarse con el sr. en Stock que esta a 3 cuadras del Vera Cruz . ',NULL,'N'),(645,'2014-12-18','2014-12-18 13:52:32','2014-12-18 13:52:32',18,2,2,'F',20,1.0,'Ir a llevar lentes a Jazmin IPS Central 0981300911 590.000gs. (media gestion) entregado ',NULL,'N'),(646,'2014-12-18','2014-12-18 14:34:21','2014-12-18 14:34:21',23,6,2,'F',40,1.0,'\nRetirar aporte de:\n1- Siria 350 c/ Ayala Velázquez (ADEC). ',NULL,'N'),(647,'2014-12-18','2014-12-18 14:41:06','2014-12-18 14:41:06',11,4,2,'F',40,1.0,'2- Llevar pago de alquiler a don Asterio: antes debe cambiar el cheque en\nvisión banco de Gs. 3.500.000. debe de traer factura a nombre de\nActivamente SRL del mismo monto. esto se puede realizar hasta las 17:00 hs',NULL,'N'),(648,'2014-12-18','2014-12-18 19:34:02','2014-12-18 19:34:02',30,2,2,'F',60,1.5,'Quiero solicitar una nueva gestión, consiste en lo siguiente:\n 1- Ir directamente junto a la Ing. Rosalba Rodríguez, Encargada Laboratorio de Aguas - UC Sede Regional Asunción-Campus Sta. Librada\n Dirección: Universidad Católica Nuestra Señora de la Asunción ó Universidad Católica Ntra. Sra. Asunción\nDirección: Tte. Cantaluppi c/ G. Molina                      \nTeléfono: 334650\n A retirar una balanza, antes de las 15:00Hs de hoy.\n ',NULL,'N'),(649,'2014-12-19','2014-12-19 11:32:23','2014-12-19 11:32:23',28,4,2,'F',40,1.0,'PARASUR - Cobrar cheque ',NULL,'N'),(650,'2014-12-19','2014-12-19 11:33:05','2014-12-19 11:33:05',28,4,2,'F',40,1.0,'BBVA – cobrar cheque – el bbva cierra  las 4 para pagos a proveedores.\nEFECTIVIZAR CHEQUE – en cualquier agencia.',NULL,'N'),(651,'2014-12-19','2014-12-19 11:41:27','2014-12-19 11:41:27',18,3,2,'F',40,1.0,'Entrega de productos\n1-  Silvia Garcia 0981917691 Calle Santa librada Nro 700 e/ 30 de agosto y 12 de Julio barrio \n1 Reloj 670.0000 y un lente 660.000 (solo dejo los lentes porque el reloj le quedaba chico.',NULL,'N'),(652,'2014-12-19','2014-12-19 11:56:04','2014-12-19 11:56:04',18,1,2,'F',40,1.0,'Entregar a Ricardo  de un tablet 265.000 Artigas 2080 frente mismo a camping 44 va a recibir la sra Mirin ',NULL,'N'),(653,'2014-12-19','2014-12-19 12:21:25','2014-12-19 12:21:25',23,1,2,'E',40,1.0,' Retiro de  aporte:\n1- Parirí 1013 c/ Tobatí (Sociedad Constructora Chaco).\n',NULL,'N'),(654,'2014-12-19','2014-12-19 13:09:04','2014-12-19 13:09:04',25,1,2,'F',40,1.0,' Retirar una nota de la oficina de Copagra, llevar a la oficina de la CAPPRO que queda en Facundo Machaín 6063 c/ RI 2 Ytororo. \n',NULL,'N'),(655,'2014-12-19','2014-12-19 14:01:49','2014-12-19 14:01:49',58,4,2,'F',40,1.0,'Ir a retirar efectivo y boleta de pago de Essap del domicilio del sr. Walter (abonar factura)',NULL,'S'),(656,'2014-12-19','2014-12-19 14:42:34','2014-12-19 14:42:34',15,6,2,'F',40,1.0,'· Llevar un documento a PRICE (general diaz 521 edificio Faro 6to piso)\n· Hacer un depósito en ITAU',NULL,'N'),(657,'2014-12-19','2014-12-19 14:45:43','2014-12-19 14:45:43',11,1,2,'F',60,1.5,'1- Necesito que lleven la copia de titulo de Ami a la Escribana para autenticar, luego lleven los documentos a la Itaipu en protocolo para dar mesa de entrada, antes de eso deben ir a fotocopiar todo el documento un piso abajo de la Itaipu, (no recibió los documentos fatan autenticar)',NULL,'N'),(658,'2014-12-19','2014-12-19 14:47:01','2014-12-19 14:47:01',11,0,2,'A',40,1.0,'2- Retirar Tarjetas de Navidad de AGR Austria 2832 c/ Cnel. Cabrera, traer en la oficina.',NULL,'N'),(659,'2014-12-19','2014-12-19 18:45:46','2014-12-19 18:45:46',18,2,2,'F',40,1.0,' Irma Araujo, AYOLAS 696 esq Haedo cel es 0981443367. 1 tablet 265.000 gs. ',NULL,'N'),(660,'2014-12-19','2014-12-19 18:48:04','2014-12-19 18:48:04',21,4,2,'F',115,3.0,'1-Envases Pyos.  (Limpio)- cobranza\n2-Parex (Mariano Roque Alonso)cobranza\n3-Inplast ( llevar factura) Luque-Limpio',NULL,'N'),(661,'2014-12-19','2014-12-19 19:20:16','2014-12-19 19:20:16',78,6,2,'F',40,1.0,'Ir a la casa de Patricia (a lado de la universidad Catolica) retirar un documento llevar visión Banco Santísima Trinidad.',NULL,'N'),(662,'2014-12-19','2014-12-19 19:21:59','2014-12-19 19:21:59',39,6,2,'F',80,2.0,'Cobranzas\n1- Cruz del chaco N° 567\n2- Mcal López N°2781 ',NULL,'N'),(663,'2014-12-19','2014-12-19 19:28:30','2014-12-19 19:28:30',18,3,2,'F',40,1.0,'Kato Ruiz 0981 128300. Carlos centurión (ex internacional) 1044. A 3 cuadras y media de la avenida Fernando de la mora. Puerta gris con un gran círculo rojo. Para las 15 hs Auriculares',NULL,'N'),(664,'2014-12-19','2014-12-19 19:29:43','2014-12-19 19:29:43',18,3,2,'F',40,1.0,' Fabiola 0971 571890\n Gral Genes 536 entre Julia Miranda Cueto de Estigarribia y Defensores del chaco\n  Una tablet 280.000 gs\n',NULL,'N'),(665,'2014-12-19','2014-12-19 19:31:19','2014-12-19 19:31:19',18,3,2,'F',40,1.0,'Derlis 0971 133649. Un parlante 390.000. Para las 14 hs\n Buscar de la casa de Maga\n Kokue Guazu.  Llamarle cuando este cerca del diario la nación y sale en la ruta. 195.000 cobrar\n',NULL,'N'),(666,'2014-12-19','2014-12-19 19:35:32','2014-12-19 19:35:32',18,2,2,'F',40,1.0,'Vivíana Paredes 0981 947479. Una tablet 265.000.  Agustín Yegros 2661 casi Gral. Santos',NULL,'N'),(667,'2014-12-19','2014-12-19 20:08:18','2014-12-19 20:08:18',1,2,2,'F',120,3.0,'1- Ir a Py  Comunicaciones Gomez de Fuente, Junto a Esther  les tienen que dar unas remeras    hacer un recibo común Cerca de 300.000 o 500.000 estimativo, Y retirar unas remeras, un papel con las especificaciones y traerme a mi domicilio.\n2- Retirar unas cajas de tazas y unos llaveros de Lambare sobre 14 de Mayo las tazas llevar a Comtel vice pte Sanchez esq. Herrera con la sra Silvia Scorzara y los llaveros llavar a che duo con la srta Cynthia Miño, Oliva esq Alberdi.',NULL,'N'),(668,'2014-12-19','2014-12-19 20:25:39','2014-12-19 20:25:39',73,1,2,'F',80,2.0,'Pasar por la  oficina y realizar las sgtes. gestiones\nDejar sobre con la Sra. Fátima y cobrar en la Empresa Gloria SACEI (Madame Lynch 2100).\n2. Dejar facturas para el Sr. Julio Jimenez y sobres para destinatarios varios en la Empresa SIT Paraguay Avda. Primer Presidente Nro. 2128 casi Itapúa \nPosteriormente volver por mi oficina. ',NULL,'N');
/*!40000 ALTER TABLE `log_gestiones` ENABLE KEYS */;
UNLOCK TABLES;
/*!50003 SET @saved_cs_client      = @@character_set_client */ ;
/*!50003 SET @saved_cs_results     = @@character_set_results */ ;
/*!50003 SET @saved_col_connection = @@collation_connection */ ;
/*!50003 SET character_set_client  = utf8 */ ;
/*!50003 SET character_set_results = utf8 */ ;
/*!50003 SET collation_connection  = utf8_general_ci */ ;
/*!50003 SET @saved_sql_mode       = @@sql_mode */ ;
/*!50003 SET sql_mode              = 'STRICT_TRANS_TABLES,NO_AUTO_CREATE_USER,NO_ENGINE_SUBSTITUTION' */ ;
DELIMITER ;;
/*!50003 CREATE*/ /*!50017 DEFINER=`root`@`localhost`*/ /*!50003 TRIGGER `descuenta_saldo` AFTER INSERT ON `log_gestiones`
 FOR EACH ROW BEGIN
  DECLARE vResp char(200);
  /*DECLARE codigo_suscripcion INT;
  DECLARE monto_gestion INT;
	SET codigo_suscripcion =  (SELECT a.CODIGO_SUSCRIPCION
                                    FROM ADM_SUSCRIPCIONES A
                                    WHERE A.CODIGO_CLIENTE     = NEW.CODIGO_CLIENTE
                                      AND A.CODIGO_PLAN     = NEW.CODIGO_PLAN
                                      AND A.ESTADO_suscripcion = 'A'
                                      AND A.FECHA_SUSCRIPCION =    (select min(U.FECHA_SUSCRIPCION) 
                                                                from adm_suscripciones u 
                                                                where u.ESTADO_suscripcion = 'A'  
                                                                and u.codigo_cliente = NEW.codigo_cliente
                                                                and u.FECHA_VENCIMIENTO>=  DATE( NOW() ) 
                                                                and u.codigo_plan = NEW.codigo_plan ));
																
	SET monto_gestion =  (SELECT pl.importe_gestion FROM adm_suscripciones pl WHERE pl.codigo_suscripcion = codigo_suscripcion);
	
        UPDATE log_saldo
        SET cantidad_saldo = cantidad_saldo - NEW.cantidad_gestiones,
		importe_saldo = importe_saldo - (NEW.cantidad_gestiones*monto_gestion)  
        WHERE codigo_Cliente = New.codigo_cliente
        and cantidad_saldo>0
        and codigo_suscripcion = codigo_suscripcion;*/
  call plog_descuenta_saldo (New.codigo_cliente,NEW.cantidad_gestiones,'D',vResp);
                                        
END */;;
DELIMITER ;
/*!50003 SET sql_mode              = @saved_sql_mode */ ;
/*!50003 SET character_set_client  = @saved_cs_client */ ;
/*!50003 SET character_set_results = @saved_cs_results */ ;
/*!50003 SET collation_connection  = @saved_col_connection */ ;
/*!50003 SET @saved_cs_client      = @@character_set_client */ ;
/*!50003 SET @saved_cs_results     = @@character_set_results */ ;
/*!50003 SET @saved_col_connection = @@collation_connection */ ;
/*!50003 SET character_set_client  = utf8 */ ;
/*!50003 SET character_set_results = utf8 */ ;
/*!50003 SET collation_connection  = utf8_general_ci */ ;
/*!50003 SET @saved_sql_mode       = @@sql_mode */ ;
/*!50003 SET sql_mode              = 'NO_AUTO_VALUE_ON_ZERO' */ ;
DELIMITER ;;
/*!50003 CREATE*/ /*!50017 DEFINER=`root`@`localhost`*/ /*!50003 TRIGGER `retorna_saldo` AFTER UPDATE ON `log_gestiones`
 FOR EACH ROW BEGIN
  DECLARE codigo_suscripcion INT;
  DECLARE monto_gestion INT;
  DECLARE diferencia INT;
	SET codigo_suscripcion =  (SELECT a.CODIGO_SUSCRIPCION
                                    FROM ADM_SUSCRIPCIONES A
                                    WHERE A.CODIGO_CLIENTE     = OLD.CODIGO_CLIENTE
                                      AND A.CODIGO_PLAN     = OLD.CODIGO_PLAN
                                      AND A.ESTADO_suscripcion = 'A'
                                      AND A.FECHA_SUSCRIPCION =    (select min(U.FECHA_SUSCRIPCION) 
                                                                from adm_suscripciones u 
                                                                where u.ESTADO_suscripcion = 'A'  
                                                                and u.codigo_cliente = OLD.codigo_cliente
                                                                and u.FECHA_VENCIMIENTO>=  DATE( NOW() ) 
                                                                and u.codigo_plan = OLD.codigo_plan ));
																
	SET monto_gestion =  (SELECT pl.importe_gestion FROM adm_suscripciones pl WHERE pl.codigo_suscripcion = codigo_suscripcion);
	SET diferencia = (NEW.cantidad_gestiones - OLD.cantidad_gestiones); 
	
		IF NEW.ESTADO = 'A' THEN
			UPDATE log_saldo
			SET cantidad_saldo = cantidad_saldo + OLD.cantidad_gestiones,
			importe_saldo = importe_saldo + (OLD.cantidad_gestiones*monto_gestion)  
			WHERE codigo_Cliente = OLD.codigo_cliente
			and codigo_suscripcion = codigo_suscripcion;
		ELSE 
			IF diferencia != 0 THEN				
					UPDATE log_saldo
					SET cantidad_saldo = cantidad_saldo - diferencia,
					importe_saldo = importe_saldo - (diferencia*monto_gestion)  
					WHERE codigo_Cliente = OLD.codigo_cliente
					and codigo_suscripcion = codigo_suscripcion;
					
					update montos set cantidad = 999;
				END IF;
		END IF;
END */;;
DELIMITER ;
/*!50003 SET sql_mode              = @saved_sql_mode */ ;
/*!50003 SET character_set_client  = @saved_cs_client */ ;
/*!50003 SET character_set_results = @saved_cs_results */ ;
/*!50003 SET collation_connection  = @saved_col_connection */ ;

--
-- Table structure for table `log_gestores`
--

DROP TABLE IF EXISTS `log_gestores`;
/*!40101 SET @saved_cs_client     = @@character_set_client */;
/*!40101 SET character_set_client = utf8 */;
CREATE TABLE `log_gestores` (
  `CODIGO_GESTOR` int(11) NOT NULL AUTO_INCREMENT,
  `ESTADO_GESTOR` char(1) NOT NULL,
  `CODIGO_PERSONA` int(11) NOT NULL,
  PRIMARY KEY (`CODIGO_GESTOR`)
) ENGINE=InnoDB AUTO_INCREMENT=7 DEFAULT CHARSET=latin1;
/*!40101 SET character_set_client = @saved_cs_client */;

--
-- Dumping data for table `log_gestores`
--

LOCK TABLES `log_gestores` WRITE;
/*!40000 ALTER TABLE `log_gestores` DISABLE KEYS */;
INSERT INTO `log_gestores` VALUES (1,'A',16),(2,'A',17),(3,'A',18),(4,'A',19),(5,'A',23),(6,'A',42);
/*!40000 ALTER TABLE `log_gestores` ENABLE KEYS */;
UNLOCK TABLES;

--
-- Table structure for table `log_saldo`
--

DROP TABLE IF EXISTS `log_saldo`;
/*!40101 SET @saved_cs_client     = @@character_set_client */;
/*!40101 SET character_set_client = utf8 */;
CREATE TABLE `log_saldo` (
  `CODIGO_SALDO` int(11) NOT NULL AUTO_INCREMENT,
  `CODIGO_SUSCRIPCION` int(11) NOT NULL,
  `CODIGO_CLIENTE` int(11) NOT NULL,
  `FECHA_SALDO` date NOT NULL,
  `FECHA_SALDO_VTO` date NOT NULL,
  `CANTIDAD` int(11) NOT NULL,
  `CANTIDAD_SALDO` float(11,1) NOT NULL,
  `IMPORTE` int(11) NOT NULL,
  `IMPORTE_SALDO` int(11) NOT NULL,
  PRIMARY KEY (`CODIGO_SALDO`)
) ENGINE=InnoDB AUTO_INCREMENT=183 DEFAULT CHARSET=latin1;
/*!40101 SET character_set_client = @saved_cs_client */;

--
-- Dumping data for table `log_saldo`
--

LOCK TABLES `log_saldo` WRITE;
/*!40000 ALTER TABLE `log_saldo` DISABLE KEYS */;
INSERT INTO `log_saldo` VALUES (1,1,14,'2014-09-30','2014-12-01',1,1.0,57000,57000),(2,2,14,'2014-09-30','2014-11-01',10,0.0,456000,456000),(3,3,16,'2014-09-30','2014-10-30',10,0.0,475000,475000),(4,4,16,'2014-09-30','2014-10-30',10,9.5,475000,475000),(5,5,16,'2014-09-30','2014-10-30',5,5.0,250000,250000),(6,6,13,'2014-09-30','2014-12-01',10,0.0,456000,456000),(7,7,12,'2014-09-30','2014-12-01',10,1.0,456000,456000),(8,8,17,'2014-10-01','2014-10-01',1,0.0,60000,60000),(9,9,11,'2014-10-01','2014-12-01',60,13.0,1938000,1938000),(10,10,15,'2014-10-01','2014-12-01',45,0.0,1530000,1530000),(11,11,19,'2014-10-01','2014-10-01',5,3.0,250000,250000),(12,12,20,'2014-10-02','2014-12-01',10,1.0,456000,456000),(13,13,18,'2014-10-02','2014-12-01',40,0.0,1368000,1368000),(14,14,1,'2014-10-02','2014-12-02',10,0.0,480000,480000),(15,15,21,'2014-10-02','2014-10-02',10,9.0,480000,480000),(16,16,19,'2014-10-02','2014-10-02',5,5.0,250000,250000),(17,17,22,'2014-10-03','2014-12-03',10,6.0,480000,480000),(18,18,23,'2014-10-03','2014-12-03',40,0.0,1368000,1368000),(19,19,24,'2014-10-03','2014-10-03',1,0.0,60000,60000),(20,20,19,'2014-10-03','2014-12-03',10,0.0,500000,500000),(21,21,25,'2014-10-03','2014-12-03',5,0.0,250000,250000),(22,22,26,'2014-10-03','2014-10-03',5,4.0,250000,250000),(23,23,28,'2014-10-03','2014-10-03',10,9.0,456000,456000),(24,24,29,'2014-10-03','2014-10-03',5,3.0,250000,250000),(25,25,27,'2014-10-03','2014-10-03',40,39.0,1368000,1368000),(26,26,1,'2014-10-06','2014-12-06',20,0.0,836000,836000),(27,27,30,'2014-10-09','2014-12-01',5,0.0,250000,250000),(28,28,21,'2014-10-13','2014-12-13',10,2.5,480000,480000),(29,29,6,'2014-10-13','2014-12-13',5,0.5,250000,250000),(30,30,31,'2014-10-13','2014-12-13',1,0.0,60000,60000),(31,31,31,'2014-10-13','2014-12-13',5,1.0,47500,47500),(32,32,32,'2014-10-13','2014-12-13',1,0.0,60000,60000),(33,33,33,'2014-10-13','2014-12-13',1,0.0,60000,60000),(34,34,5,'2014-10-14','2014-12-14',5,4.0,250000,250000),(35,35,32,'2014-10-14','2014-12-14',5,0.0,250000,250000),(36,36,25,'2014-10-15','2014-12-15',5,0.0,47500,47500),(37,37,14,'2014-10-16','2014-12-16',5,0.0,47500,47500),(38,38,28,'2014-10-16','2014-12-16',10,0.0,480000,480000),(39,39,25,'2014-10-16','2014-12-16',1,0.0,60000,60000),(40,40,27,'2014-10-17','2014-12-17',1,0.0,60000,60000),(41,41,34,'2014-10-17','2014-12-17',1,0.0,60000,60000),(42,42,19,'2014-10-17','2014-12-17',15,13.0,655500,655500),(43,43,35,'2014-10-20','2014-12-20',40,23.0,35000,35000),(44,44,27,'2014-10-20','2014-12-20',1,0.0,60000,60000),(45,45,36,'2014-10-20','2014-12-20',10,3.5,480000,480000),(46,46,27,'2014-10-21','2014-12-21',1,0.0,60000,60000),(47,47,27,'2014-10-21','2014-12-21',1,0.0,60000,60000),(48,48,37,'2014-10-21','2014-12-21',5,0.0,250000,250000),(49,49,7,'2014-10-21','2014-12-21',5,0.0,250000,250000),(50,50,25,'2014-10-21','2014-12-21',1,0.0,60000,60000),(51,51,38,'2014-10-22','2014-12-22',5,0.0,250000,250000),(52,52,18,'2014-10-22','2014-12-22',40,0.0,1368000,1368000),(53,53,27,'2014-10-22','2014-12-22',1,0.0,60000,60000),(54,54,27,'2014-10-22','2014-12-22',1,0.0,60000,60000),(55,55,27,'2014-10-22','2014-12-22',1,0.0,60000,60000),(56,56,27,'2014-10-22','2014-12-22',1,0.0,60000,60000),(57,57,27,'2014-10-22','2014-12-22',1,0.0,60000,60000),(58,58,39,'2014-10-23','2014-12-23',5,0.0,250000,250000),(59,59,39,'2014-10-23','2014-12-23',10,0.0,456000,456000),(60,60,27,'2014-10-24','2014-12-24',1,0.0,60000,60000),(61,61,40,'2014-10-24','2014-12-24',1,0.0,60000,60000),(62,62,40,'2014-10-24','2014-12-24',1,1.0,60000,60000),(63,63,40,'2014-10-24','2014-12-24',1,1.0,60000,60000),(64,64,27,'2014-10-24','2014-12-24',1,0.0,60000,60000),(65,65,41,'2014-10-24','2014-12-24',1,0.0,60000,60000),(66,66,42,'2014-10-24','2014-12-24',1,0.0,60000,60000),(67,67,3,'2014-10-24','2014-12-24',5,3.0,250000,250000),(68,68,43,'2014-10-27','2014-12-27',5,0.5,250000,250000),(69,69,27,'2014-10-27','2014-12-27',1,0.0,60000,60000),(70,70,27,'2014-10-27','2014-12-27',1,0.0,60000,60000),(71,71,27,'2014-10-28','2014-12-28',1,0.0,60000,60000),(72,72,28,'2014-10-28','2014-12-28',1,0.0,45600,45600),(73,73,28,'2014-10-28','2014-12-28',1,0.0,45600,45600),(74,74,44,'2014-10-29','2014-12-29',1,0.0,60000,60000),(75,75,14,'2014-10-29','2014-12-29',1,0.0,60000,60000),(76,76,27,'2014-10-29','2014-12-29',1,0.0,60000,60000),(77,77,45,'2014-10-29','2014-12-29',5,4.0,250000,250000),(78,78,46,'2014-10-29','2014-12-29',5,0.0,250000,250000),(79,79,14,'2014-10-30','2014-12-30',1,0.0,60000,60000),(80,80,28,'2014-10-30','2014-12-30',1,0.0,43000,43000),(81,81,28,'2014-10-30','2014-12-30',1,0.0,45600,45600),(82,82,47,'2014-10-30','2014-12-30',1,0.0,60000,60000),(83,83,48,'2014-10-31','2014-12-31',5,2.5,250000,250000),(84,84,49,'2014-10-31','2014-12-31',1,0.0,60000,60000),(85,85,39,'2014-10-31','2014-12-31',10,4.0,480000,480000),(86,86,23,'2014-10-31','2014-12-31',40,0.5,1368000,1368000),(87,87,27,'2014-11-03','2015-01-03',1,0.0,60000,60000),(88,88,13,'2014-11-03','2015-01-03',10,0.5,475000,475000),(89,89,50,'2014-11-04','2015-01-04',5,0.0,250000,250000),(90,90,38,'2014-11-04','2015-01-04',10,1.5,480000,480000),(91,91,46,'2014-11-04','2015-01-04',1,0.0,60000,60000),(92,92,25,'2014-11-04','2015-01-04',1,0.0,60000,60000),(93,93,27,'2014-11-05','2015-01-05',40,25.0,1368000,1368000),(94,94,28,'2014-11-05','2015-01-05',15,0.0,655500,655500),(95,95,46,'2014-11-05','2015-01-05',2,0.0,80000,80000),(96,96,51,'2014-11-05','2015-01-05',1,1.0,60000,60000),(97,97,32,'2014-11-05','2015-01-05',1,0.0,60000,60000),(98,98,9,'2014-11-06','2015-01-06',1,0.0,60000,60000),(99,99,1,'2014-11-06','2015-01-06',20,0.0,880000,880000),(100,100,52,'2014-11-06','2015-01-06',1,0.0,60000,60000),(101,101,53,'2014-11-06','2015-01-06',5,1.0,250000,250000),(102,102,52,'2014-11-06','2015-01-06',1,0.0,45600,45600),(103,103,50,'2014-11-10','2015-01-10',45,2.0,1453500,1453500),(104,104,34,'2014-11-10','2015-01-10',1,0.0,60000,60000),(105,105,54,'2014-11-10','2015-01-10',5,1.0,250000,250000),(106,106,39,'2014-11-12','2015-01-12',15,3.5,690000,690000),(107,107,55,'2014-11-12','2015-01-12',1,0.0,60000,60000),(108,108,12,'2014-11-13','2015-01-13',15,0.0,690000,690000),(109,109,25,'2014-11-13','2015-01-13',1,0.0,60000,60000),(110,110,56,'2014-11-13','2015-01-13',5,0.0,250000,250000),(111,111,30,'2014-11-13','2015-01-13',1,0.0,60000,60000),(112,112,52,'2014-11-13','2015-01-13',2,0.0,80000,80000),(113,113,56,'2014-11-14','2015-01-14',5,4.0,47500,47500),(114,114,30,'2014-11-14','2015-01-14',1,0.0,60000,60000),(115,115,57,'2014-11-14','2015-01-14',1,0.0,60000,60000),(116,116,47,'2014-11-14','2015-01-14',1,0.0,60000,60000),(117,117,47,'2014-11-14','2015-01-14',1,0.0,60000,60000),(118,118,37,'2014-11-14','2015-01-14',10,0.0,500000,500000),(119,119,58,'2014-11-15','2015-01-15',10,8.0,456000,456000),(120,120,14,'2014-11-18','2015-01-18',10,2.0,456000,456000),(121,121,59,'2014-11-18','2015-01-18',1,0.0,60000,60000),(122,122,6,'2014-11-19','2015-01-19',5,3.0,250000,250000),(123,123,46,'2014-11-19','2015-01-19',10,3.5,480000,480000),(124,124,38,'2014-11-19','2015-01-19',10,0.0,480000,480000),(125,125,60,'2014-11-20','2015-01-20',5,0.0,250000,250000),(126,126,61,'2014-11-20','2015-01-20',1,0.0,88,88),(127,127,30,'2014-11-20','2015-01-20',5,0.5,250000,250000),(128,128,62,'2014-11-20','2015-01-20',1,0.0,60000,60000),(129,129,28,'2014-11-24','2015-01-24',15,1.0,655500,655500),(130,130,63,'2014-11-24','2015-01-24',1,0.0,60000,60000),(131,131,1,'2014-11-24','2015-01-24',25,3.5,997500,997500),(132,132,15,'2014-11-24','2015-01-24',45,6.0,1453500,1453500),(133,133,13,'2014-11-25','2015-01-25',10,0.5,475000,475000),(134,134,17,'2014-11-26','2015-01-26',2,2.0,90000,90000),(135,135,17,'2014-11-26','2015-01-26',2,0.5,90000,90000),(136,136,64,'2014-11-27','2015-01-27',1,0.0,88000,88000),(137,137,52,'2014-11-27','2015-01-27',1,0.0,60000,60000),(138,138,65,'2014-11-28','2015-01-28',1,0.0,60000,60000),(139,139,64,'2014-11-28','2015-01-28',1,0.0,60000,60000),(140,140,64,'2014-11-28','2015-01-28',5,4.5,250000,250000),(141,141,66,'2014-11-28','2015-01-28',5,3.5,250000,250000),(142,142,67,'2014-12-01','2015-02-01',1,0.0,60000,60000),(143,143,39,'2014-12-01','2015-02-01',15,0.0,690000,690000),(144,144,23,'2014-12-01','2015-02-01',45,26.5,1530000,1530000),(145,145,53,'2014-12-01','2015-02-01',5,5.0,250000,250000),(146,146,68,'2014-12-02','2015-02-02',1,0.0,60000,60000),(147,147,68,'2014-12-02','2015-02-02',1,1.0,60000,60000),(148,148,21,'2014-12-02','2015-02-02',5,0.5,250000,250000),(149,149,11,'2014-12-03','2015-02-03',60,42.0,1938000,1938000),(150,150,38,'2014-12-03','2015-02-03',10,8.0,480000,480000),(151,151,33,'2014-12-04','2015-02-04',5,4.0,250000,250000),(152,152,34,'2014-12-04','2015-02-04',1,1.0,60000,60000),(153,153,47,'2014-12-04','2015-02-04',5,4.0,250000,250000),(154,154,37,'2014-12-05','2015-02-05',10,0.5,480000,480000),(155,155,10,'2014-12-05','2015-02-05',5,2.0,250000,250000),(156,156,16,'2014-12-06','2015-02-06',1,0.0,60000,60000),(157,157,13,'2014-12-09','2015-02-09',10,7.0,456000,456000),(158,158,69,'2014-12-09','2015-02-09',5,4.0,250000,250000),(159,159,70,'2014-12-10','2015-02-10',5,4.0,250000,250000),(160,160,64,'2014-12-10','2015-02-10',1,0.0,88000,88000),(161,161,20,'2014-12-10','2015-02-10',5,4.0,250000,250000),(162,162,28,'2014-12-11','2015-02-11',15,8.5,690000,690000),(163,163,12,'2014-12-11','2015-02-11',5,2.5,250000,250000),(164,164,32,'2014-12-11','2015-02-11',5,5.0,250000,250000),(165,165,60,'2014-12-12','2015-02-12',5,4.0,250000,250000),(166,166,52,'2014-12-13','2015-02-13',5,0.5,250000,250000),(167,167,16,'2014-12-14','2015-02-14',5,2.5,250000,250000),(168,168,46,'2014-12-15','2015-02-15',50,44.0,1700000,1700000),(169,169,71,'2014-12-15','2015-02-15',5,2.5,250000,250000),(170,170,72,'2014-12-15','2015-02-15',1,0.0,60000,60000),(171,171,73,'2014-12-15','2015-02-15',5,1.0,250000,250000),(172,172,74,'2014-12-15','2015-02-15',1,0.0,60,60),(173,173,75,'2014-12-16','2015-02-16',1,0.0,88000,88000),(174,174,76,'2014-12-16','2015-02-16',2,1.0,90000,90000),(175,175,21,'2014-12-17','2015-02-17',5,0.0,250000,250000),(176,176,37,'2014-12-17','2015-02-17',10,9.0,480000,480000),(177,177,25,'2014-12-17','2015-02-17',10,9.0,480000,480000),(178,178,77,'2014-12-18','2015-02-18',5,3.0,250000,250000),(179,179,32,'2014-12-18','2015-02-18',5,3.5,250000,250000),(180,180,18,'2014-12-18','2015-02-18',60,52.0,2040000,2040000),(181,181,78,'2014-12-19','2015-02-19',1,0.0,60,60),(182,182,39,'2014-12-19','2015-02-19',20,18.0,880000,880000);
/*!40000 ALTER TABLE `log_saldo` ENABLE KEYS */;
UNLOCK TABLES;

--
-- Table structure for table `montos`
--

DROP TABLE IF EXISTS `montos`;
/*!40101 SET @saved_cs_client     = @@character_set_client */;
/*!40101 SET character_set_client = utf8 */;
CREATE TABLE `montos` (
  `monto` int(11) NOT NULL,
  `cantidad` int(11) NOT NULL
) ENGINE=InnoDB DEFAULT CHARSET=latin1;
/*!40101 SET character_set_client = @saved_cs_client */;

--
-- Dumping data for table `montos`
--

LOCK TABLES `montos` WRITE;
/*!40000 ALTER TABLE `montos` DISABLE KEYS */;
INSERT INTO `montos` VALUES (880000,999),(250000,999),(880000,999),(250000,999),(60000,999),(250000,999),(57000,999),(456000,999),(475000,999),(475000,999),(250000,999),(456000,999),(456000,999),(60000,999),(1938000,999),(1530000,999),(250000,999),(456000,999),(1368000,999),(480000,999),(480000,999),(250000,999),(480000,999),(1368000,999),(60000,999),(500000,999),(250000,999),(250000,999),(456000,999),(250000,999),(1368000,999),(836000,999),(250000,999),(480000,999),(250000,999),(60000,999),(47500,999),(60000,999),(60000,999),(250000,999),(250000,999),(47500,999),(47500,999),(480000,999),(60000,999),(60000,999),(60000,999),(655500,999),(35000,999),(60000,999),(480000,999),(60000,999),(60000,999),(250000,999),(250000,999),(60000,999),(250000,999),(1368000,999),(60000,999),(60000,999),(60000,999),(60000,999),(60000,999),(250000,999),(456000,999),(60000,999),(60000,999),(60000,999),(60000,999),(60000,999),(60000,999),(60000,999),(250000,999),(250000,999),(60000,999),(60000,999),(60000,999),(45600,999),(45600,999),(60000,999),(60000,999),(60000,999),(250000,999),(250000,999),(60000,999),(43000,999),(45600,999),(60000,999),(250000,999),(60000,999),(480000,999),(1368000,999),(60000,999),(475000,999),(250000,999),(480000,999),(60000,999),(60000,999),(1368000,999),(655500,999),(80000,999),(60000,999),(60000,999),(60000,999),(880000,999),(60000,999),(250000,999),(45600,999),(1453500,999),(60000,999),(250000,999),(690000,999),(60000,999),(690000,999),(60000,999),(250000,999),(60000,999),(80000,999),(47500,999),(60000,999),(60000,999),(60000,999),(60000,999),(500000,999),(456000,999),(456000,999),(60000,999),(250000,999),(480000,999),(480000,999),(250000,999),(88,999),(250000,999),(60000,999),(655500,999),(60000,999),(997500,999),(1453500,999),(475000,999),(90000,999),(90000,999),(88000,999),(60000,999),(60000,999),(60000,999),(250000,999),(250000,999),(60000,999),(690000,999),(1530000,999),(250000,999),(60000,999),(60000,999),(250000,999),(1938000,999),(480000,999),(250000,999),(60000,999),(250000,999),(480000,999),(250000,999),(60000,999),(456000,999),(250000,999),(250000,999),(88000,999),(250000,999),(690000,999),(250000,999),(250000,999),(250000,999),(250000,999),(250000,999),(1700000,999),(250000,999),(60000,999),(250000,999),(60,999),(88000,999),(90000,999),(250000,999),(480000,999),(480000,999),(250000,999),(250000,999),(2040000,999),(60,100),(880000,100);
/*!40000 ALTER TABLE `montos` ENABLE KEYS */;
UNLOCK TABLES;

--
-- Table structure for table `records`
--

DROP TABLE IF EXISTS `records`;
/*!40101 SET @saved_cs_client     = @@character_set_client */;
/*!40101 SET character_set_client = utf8 */;
CREATE TABLE `records` (
  `id` int(11) unsigned NOT NULL AUTO_INCREMENT,
  `client_id` int(11) unsigned NOT NULL,
  `audio_record` varchar(255) DEFAULT NULL,
  `sms_record` varchar(512) NOT NULL,
  `make_call` tinyint(1) NOT NULL DEFAULT '0',
  `type` enum('AUDIO','TEXTO','MIXTO') NOT NULL,
  `created` timestamp NOT NULL DEFAULT CURRENT_TIMESTAMP,
  PRIMARY KEY (`id`)
) ENGINE=MyISAM AUTO_INCREMENT=111 DEFAULT CHARSET=latin1;
/*!40101 SET character_set_client = @saved_cs_client */;

--
-- Dumping data for table `records`
--

LOCK TABLES `records` WRITE;
/*!40000 ALTER TABLE `records` DISABLE KEYS */;
INSERT INTO `records` VALUES (1,1,'d0e594d59926f486adf3d2c71affd4e4.3gpp','',0,'AUDIO','2014-09-08 09:56:56'),(2,1,'a397c3c868525064eba43402c7f69e18.3gpp','',0,'AUDIO','2014-09-08 09:59:15'),(3,1,'8b4efb57e83eacc3e6afbd7824116f81.3gpp','',0,'AUDIO','2014-09-08 10:05:59'),(4,1,'','el sms',1,'','2014-09-08 19:06:36'),(5,1,'','el sms',1,'','2014-09-08 19:07:42'),(6,1,'','el sms',1,'','2014-09-08 19:09:32'),(7,1,'','el sms',1,'','2014-09-08 19:11:33'),(8,1,'','el sms',1,'','2014-09-08 19:12:47'),(9,1,'','el sms',1,'','2014-09-08 19:13:05'),(10,1,'','el sms 2343s',1,'MIXTO','2014-09-08 19:14:38'),(11,1,'','sebas testing',1,'TEXTO','2014-09-08 19:34:03'),(12,1,'','Es una qdroid prueba uncheck',0,'TEXTO','2014-09-08 19:46:07'),(13,1,'','Es una qdroid prueba check',1,'TEXTO','2014-09-08 19:46:27'),(14,1,'','',1,'TEXTO','2014-09-08 23:34:22'),(15,1,'','Sebassssss',1,'TEXTO','2014-09-08 23:34:47'),(16,1,'','',1,'TEXTO','2014-09-08 23:37:19'),(17,1,'','Test hhhhh',1,'TEXTO','2014-09-08 23:40:20'),(18,1,'674c95377b9a50da4f1858607550abb7.3gpp','Testes',1,'MIXTO','2014-09-08 23:41:02'),(19,1,'','Hoho test 1',1,'TEXTO','2014-09-09 00:14:13'),(20,1,'','Tu hermana!!!!',1,'TEXTO','2014-09-09 00:14:40'),(21,1,'491800360225be0eb10ed32a2e148793.3gpp','Mensaje mixto',1,'MIXTO','2014-09-09 00:15:22'),(22,1,'dd295bfd0f52bec8bb51b9bf72a7ac04.3gpp','Prueba mixa 2',1,'MIXTO','2014-09-09 00:17:57'),(23,1,'2d68c3744ad100330bf1c048fa7aec30.3gpp','Mensaje de prueba num 3',1,'MIXTO','2014-09-09 00:22:11'),(24,1,'82fb0fd7a865ac697a8493366d391f1f.3gpp','Prueb 4',1,'MIXTO','2014-09-09 00:25:48'),(25,2,'f4ef213960032f1ce74881b9545742a2.3gpp','Mensaje de seeebas hoho ',1,'MIXTO','2014-09-09 00:36:41'),(26,2,'b36955dddc9883ca155540d62d51fb66.3gpp','',0,'AUDIO','2014-09-09 00:58:37'),(27,3,'c1d337b4360893be81b16ee577434967.amr','Test',0,'MIXTO','2014-09-09 03:07:51'),(28,3,'23cd0cac1da449904a418387a19cdc12.amr','',1,'MIXTO','2014-09-09 03:09:27'),(29,4,'904251fbbc86387fa33908f67cfc33d6.m4a','Probabdi app.',1,'MIXTO','2014-09-09 16:48:20'),(30,5,'f9de47ff69c366d78273e997d4ff7119.m4a','Aaa',1,'MIXTO','2014-09-09 16:48:50'),(31,6,'86e4e8f5abc7f54b38b4bb3859368ffe.m4a','Prueba desde galaxy s4',0,'MIXTO','2014-09-09 17:59:36'),(32,6,'','',1,'TEXTO','2014-09-09 18:05:16'),(33,7,'','Muy buen servicio\n\nEstamos probando la app',1,'TEXTO','2014-09-09 20:02:28'),(34,8,'50aa0b33a303d126f6472f3778479e5b.m4a','',0,'AUDIO','2014-09-09 23:31:47'),(35,8,'','Cira .necesito que se pague el club de ejecutivos.pasa por casa le doy la plata.gracias',0,'TEXTO','2014-09-12 17:48:53'),(36,8,'eaec7d75590c4bef26b7e87a0d411573.m4a','',0,'AUDIO','2014-09-12 18:35:03'),(37,8,'','',1,'TEXTO','2014-09-12 18:35:32'),(38,3,'c89e3695db93e7429574a46d398e7d21.amr','',0,'AUDIO','2014-09-14 23:14:10'),(39,3,'c150b391896e42685c80d0a424a011e2.amr','',1,'MIXTO','2014-09-15 23:38:20'),(40,3,'6f7c753a432ab9358fbca488d82a3da5.amr','',0,'AUDIO','2014-09-18 21:35:38'),(41,3,'','Mensaje de prueba',0,'TEXTO','2014-09-18 21:36:33'),(42,3,'','',1,'TEXTO','2014-09-18 21:36:45'),(43,11,'7efd07d23a9cdfb590b2ada5c3c52914.amr','',0,'AUDIO','2014-09-19 18:20:27'),(44,11,'','',1,'TEXTO','2014-09-19 18:21:13'),(45,12,'','',1,'TEXTO','2014-09-19 19:36:49'),(46,13,'','Hola',0,'TEXTO','2014-09-19 19:37:52'),(47,13,'','Hola ',0,'TEXTO','2014-09-19 19:38:10'),(48,3,'c4442e773f654116d0243ae4c868b830.amr','',0,'AUDIO','2014-09-22 17:30:43'),(49,3,'b57aea4c14bcfbb117f738fc175fbdcc.amr','',0,'AUDIO','2014-09-22 18:52:00'),(50,2,'','Shejdjd',0,'TEXTO','2014-09-22 23:31:50'),(51,11,'','Jajjsusjsjzkkzkd usuusujdkskjd jjsjsjsjsjjsjjsjdjjdjdje jkskksjdjdjdjjdjddjjdk ksjdjdjjdjdkjdkdkdk jskkskdkdjdjdjdjdjdk jjsjdjdkdkdkdkdjdnnmmdkdnkdkdkd jskkskdkdjdjdjdjdjdk jdkdkdkdkkdjdnd',0,'TEXTO','2014-09-23 02:55:24'),(52,11,'6debe135b861412e07c5638cf623f3b1.amr','',0,'AUDIO','2014-09-24 00:57:41'),(53,2,'','TESTING',1,'TEXTO','2014-09-27 16:26:13'),(54,2,NULL,'new server test',1,'MIXTO','2014-09-27 16:32:35'),(55,2,NULL,'new server test updated',1,'MIXTO','2014-09-27 16:32:49'),(56,2,NULL,'New server test qdroid ',1,'TEXTO','2014-09-27 16:33:19'),(57,19,'7021dff88446a8c99ddbd0cc847247ce.3gpp','Windows choto',1,'MIXTO','2014-09-27 16:38:36'),(58,11,NULL,'Hola que tal',0,'TEXTO','2014-09-30 14:52:02'),(59,11,NULL,'',1,'TEXTO','2014-09-30 15:10:07'),(60,2,'7303e9fdd1106b75c4c361878015b607.3gpp','Test actual',1,'MIXTO','2014-09-30 15:38:52'),(61,4,'a800ca7f3283b956ed01fbf5629892a1.3gpp','Probando diego',0,'MIXTO','2014-09-30 16:30:16'),(62,11,'270a3a1d9ae95cb6fdca4c2ccb836549.amr','0992 627122 mary',0,'MIXTO','2014-10-01 11:47:17'),(63,11,'d4650f3ce36a858d7d2518ffd25a3ed6.amr','0992 627122 mary',0,'MIXTO','2014-10-01 11:48:45'),(64,21,NULL,'Que tal. Se podrian comunicar conmigo por favor al 0981546576 Carlos Linares',0,'TEXTO','2014-10-03 19:03:19'),(65,21,NULL,'',1,'TEXTO','2014-10-03 19:06:02'),(66,28,NULL,'Hola uds hacen servicio de renovación de habilitación para el auto? Habría que llevar el auto a la Municipalidad... ',1,'TEXTO','2014-10-08 23:36:44'),(67,11,NULL,'Gajddujffjdjud',0,'TEXTO','2014-10-13 17:31:33'),(68,2,'1886fc0ffb6952fd9de825d27053ca39.3gpp','Prueba de  sebas 13 oct',1,'MIXTO','2014-10-13 18:37:12'),(69,4,'309e4b54531a7319dd2d56f51459ffeb.3gpp','Prueba con audio',1,'MIXTO','2014-10-13 18:42:28'),(70,42,NULL,'Probando 123',0,'TEXTO','2014-10-14 11:42:17'),(71,8,NULL,'Necesito.hacer una gestion',0,'TEXTO','2014-10-15 21:32:25'),(72,12,'05af3649a78c00fe7b439d792f8497f7.3gpp','Hola me pueden llamar',1,'MIXTO','2014-10-15 21:36:37'),(73,12,NULL,'Llamarme',1,'TEXTO','2014-10-15 21:38:11'),(74,8,NULL,'Por fabor llamarme para una gestion',1,'TEXTO','2014-10-15 21:38:13'),(75,8,NULL,'',1,'TEXTO','2014-10-15 21:41:40'),(76,43,NULL,'Hola prueba',0,'TEXTO','2014-10-16 12:36:40'),(77,43,'5e55c8f938fe3e827fb47498043b2f16.m4a','Prueba',0,'MIXTO','2014-10-16 12:38:04'),(78,11,NULL,'Gggg',1,'TEXTO','2014-10-16 15:27:48'),(79,11,'c527b9431e0804630df05573f30d6151.amr','',1,'MIXTO','2014-10-17 19:16:33'),(80,8,NULL,'Cira,te envie un menaaje .andy soy',0,'TEXTO','2014-10-21 10:57:23'),(81,11,NULL,'',1,'TEXTO','2014-10-21 12:34:59'),(82,11,NULL,'Leo lero',0,'TEXTO','2014-10-21 12:35:09'),(83,12,NULL,'',1,'MIXTO','2014-10-21 14:35:48'),(84,11,NULL,'',1,'TEXTO','2014-10-22 18:19:31'),(85,50,NULL,'Envio de canasta ',0,'TEXTO','2014-10-23 16:04:42'),(86,11,NULL,'',1,'TEXTO','2014-10-30 20:48:00'),(87,11,'bdb2c7dde992df9247b525cea8b815d7.amr','Pedido x',1,'MIXTO','2014-11-06 12:30:17'),(88,11,'7fd249a42c78501b08921392db93748a.amr','',1,'MIXTO','2014-11-12 17:59:25'),(89,4,'d8aa3b55c229764cb17455b7cc9e8ef5.amr','Prueba diego\n\n',0,'MIXTO','2014-11-13 12:55:34'),(90,4,'559c3cdcee5c3d2ca7cfe161ce83b3a6.amr','Prueba\n',0,'MIXTO','2014-11-13 20:46:36'),(91,4,'163a4c653305b026eb291fc046218124.amr','Probando',1,'MIXTO','2014-11-15 03:36:22'),(92,11,NULL,'',1,'TEXTO','2014-11-15 12:59:06'),(93,61,NULL,'Quiero saber qué me ofrecen',1,'TEXTO','2014-11-17 19:17:32'),(94,61,NULL,'',1,'TEXTO','2014-11-17 19:19:52'),(95,11,NULL,'',1,'TEXTO','2014-11-19 13:11:49'),(96,8,NULL,'',1,'TEXTO','2014-11-19 13:12:09'),(97,8,NULL,'',1,'TEXTO','2014-11-19 13:12:24'),(98,62,NULL,'',1,'TEXTO','2014-11-19 19:38:08'),(99,65,NULL,'Hola',0,'TEXTO','2014-11-20 22:47:57'),(100,67,NULL,'costo de envio de un documento, desde el Edificio Mcal López 1 en Fdo de la Mora,  a el MAG de San Lorenzo.',0,'TEXTO','2014-11-25 15:15:25'),(105,8,NULL,'',1,'TEXTO','2014-12-02 13:54:24'),(102,11,NULL,'',1,'TEXTO','2014-11-26 17:00:36'),(103,71,NULL,'Pueden ir a mi casa a buscar una chequera y acercarmela a la oficina?',0,'TEXTO','2014-11-28 15:23:55'),(104,72,NULL,'',1,'TEXTO','2014-11-28 17:03:42'),(107,11,NULL,'',1,'TEXTO','2014-12-09 22:34:32'),(108,8,NULL,'',1,'TEXTO','2014-12-13 12:11:06'),(109,8,NULL,'',1,'TEXTO','2014-12-13 13:12:14'),(110,8,NULL,'',1,'TEXTO','2014-12-19 18:58:19');
/*!40000 ALTER TABLE `records` ENABLE KEYS */;
UNLOCK TABLES;

--
-- Table structure for table `users`
--

DROP TABLE IF EXISTS `users`;
/*!40101 SET @saved_cs_client     = @@character_set_client */;
/*!40101 SET character_set_client = utf8 */;
CREATE TABLE `users` (
  `id` int(10) unsigned NOT NULL AUTO_INCREMENT,
  `username` varchar(20) NOT NULL,
  `password` varchar(100) NOT NULL,
  PRIMARY KEY (`id`),
  UNIQUE KEY `username` (`username`)
) ENGINE=InnoDB AUTO_INCREMENT=9 DEFAULT CHARSET=latin1;
/*!40101 SET character_set_client = @saved_cs_client */;

--
-- Dumping data for table `users`
--

LOCK TABLES `users` WRITE;
/*!40000 ALTER TABLE `users` DISABLE KEYS */;
INSERT INTO `users` VALUES (1,'admin','21232f297a57a5a743894a0e4a801fc3'),(7,'testuser','827ccb0eea8a706c4c34a16891f84e7b'),(8,'Gaspar','f2d6be0cd825108aa87e6f322a820cbc');
/*!40000 ALTER TABLE `users` ENABLE KEYS */;
UNLOCK TABLES;

--
-- Temporary table structure for view `vlog_gest_cli_resum`
--

DROP TABLE IF EXISTS `vlog_gest_cli_resum`;
/*!50001 DROP VIEW IF EXISTS `vlog_gest_cli_resum`*/;
SET @saved_cs_client     = @@character_set_client;
SET character_set_client = utf8;
/*!50001 CREATE TABLE `vlog_gest_cli_resum` (
  `CLIENTE` varchar(100),
  `ANHO` int(4),
  `MES` int(2),
  `TOTAL` double(18,1)
) ENGINE=MyISAM */;
SET character_set_client = @saved_cs_client;

--
-- Temporary table structure for view `vlog_gestiones_clientes`
--

DROP TABLE IF EXISTS `vlog_gestiones_clientes`;
/*!50001 DROP VIEW IF EXISTS `vlog_gestiones_clientes`*/;
SET @saved_cs_client     = @@character_set_client;
SET character_set_client = utf8;
/*!50001 CREATE TABLE `vlog_gestiones_clientes` (
  `cliente` varchar(100),
  `anho` int(4),
  `mes` int(2),
  `fecha` date,
  `observacion` varchar(1500),
  `cantidad_gestiones` float(11,1),
  `gestor` varchar(100)
) ENGINE=MyISAM */;
SET character_set_client = @saved_cs_client;

--
-- Temporary table structure for view `vlog_gestiones_gentileza`
--

DROP TABLE IF EXISTS `vlog_gestiones_gentileza`;
/*!50001 DROP VIEW IF EXISTS `vlog_gestiones_gentileza`*/;
SET @saved_cs_client     = @@character_set_client;
SET character_set_client = utf8;
/*!50001 CREATE TABLE `vlog_gestiones_gentileza` (
  `codigo_cliente` int(11),
  `CLIENTE` varchar(100),
  `cantidad` float(11,1),
  `anho` int(4),
  `mes` int(2)
) ENGINE=MyISAM */;
SET character_set_client = @saved_cs_client;

--
-- Temporary table structure for view `vlog_gestiones_gentileza_resum`
--

DROP TABLE IF EXISTS `vlog_gestiones_gentileza_resum`;
/*!50001 DROP VIEW IF EXISTS `vlog_gestiones_gentileza_resum`*/;
SET @saved_cs_client     = @@character_set_client;
SET character_set_client = utf8;
/*!50001 CREATE TABLE `vlog_gestiones_gentileza_resum` (
  `CLIENTE` varchar(100),
  `TOTAL` double(18,1),
  `ANHO` int(4),
  `MES` int(2)
) ENGINE=MyISAM */;
SET character_set_client = @saved_cs_client;

--
-- Temporary table structure for view `vlog_gestor_resum`
--

DROP TABLE IF EXISTS `vlog_gestor_resum`;
/*!50001 DROP VIEW IF EXISTS `vlog_gestor_resum`*/;
SET @saved_cs_client     = @@character_set_client;
SET character_set_client = utf8;
/*!50001 CREATE TABLE `vlog_gestor_resum` (
  `GESTOR` varchar(100),
  `ANHO` int(4),
  `MES` int(2),
  `TOTAL` double(18,1)
) ENGINE=MyISAM */;
SET character_set_client = @saved_cs_client;

--
-- Temporary table structure for view `vlog_saldos`
--

DROP TABLE IF EXISTS `vlog_saldos`;
/*!50001 DROP VIEW IF EXISTS `vlog_saldos`*/;
SET @saved_cs_client     = @@character_set_client;
SET character_set_client = utf8;
/*!50001 CREATE TABLE `vlog_saldos` (
  `codigo_cliente` int(11),
  `nombre` varchar(100),
  `saldo` double(18,1)
) ENGINE=MyISAM */;
SET character_set_client = @saved_cs_client;

--
-- Temporary table structure for view `vlog_saldos_planes`
--

DROP TABLE IF EXISTS `vlog_saldos_planes`;
/*!50001 DROP VIEW IF EXISTS `vlog_saldos_planes`*/;
SET @saved_cs_client     = @@character_set_client;
SET character_set_client = utf8;
/*!50001 CREATE TABLE `vlog_saldos_planes` (
  `codigo_suscripcion` int(11),
  `codigo_cliente` int(11),
  `nombre` varchar(100),
  `saldo` double(18,1),
  `descripcion_plan` varchar(60)
) ENGINE=MyISAM */;
SET character_set_client = @saved_cs_client;

--
-- Final view structure for view `vlog_gest_cli_resum`
--

/*!50001 DROP TABLE IF EXISTS `vlog_gest_cli_resum`*/;
/*!50001 DROP VIEW IF EXISTS `vlog_gest_cli_resum`*/;
/*!50001 SET @saved_cs_client          = @@character_set_client */;
/*!50001 SET @saved_cs_results         = @@character_set_results */;
/*!50001 SET @saved_col_connection     = @@collation_connection */;
/*!50001 SET character_set_client      = utf8 */;
/*!50001 SET character_set_results     = utf8 */;
/*!50001 SET collation_connection      = utf8_general_ci */;
/*!50001 CREATE ALGORITHM=UNDEFINED */
/*!50013 DEFINER=`root`@`localhost` SQL SECURITY DEFINER */
/*!50001 VIEW `vlog_gest_cli_resum` AS select `vlog_gestiones_clientes`.`cliente` AS `CLIENTE`,`vlog_gestiones_clientes`.`anho` AS `ANHO`,`vlog_gestiones_clientes`.`mes` AS `MES`,sum(`vlog_gestiones_clientes`.`cantidad_gestiones`) AS `TOTAL` from `vlog_gestiones_clientes` where 1 group by `vlog_gestiones_clientes`.`cliente`,`vlog_gestiones_clientes`.`anho`,`vlog_gestiones_clientes`.`mes` */;
/*!50001 SET character_set_client      = @saved_cs_client */;
/*!50001 SET character_set_results     = @saved_cs_results */;
/*!50001 SET collation_connection      = @saved_col_connection */;

--
-- Final view structure for view `vlog_gestiones_clientes`
--

/*!50001 DROP TABLE IF EXISTS `vlog_gestiones_clientes`*/;
/*!50001 DROP VIEW IF EXISTS `vlog_gestiones_clientes`*/;
/*!50001 SET @saved_cs_client          = @@character_set_client */;
/*!50001 SET @saved_cs_results         = @@character_set_results */;
/*!50001 SET @saved_col_connection     = @@collation_connection */;
/*!50001 SET character_set_client      = utf8 */;
/*!50001 SET character_set_results     = utf8 */;
/*!50001 SET collation_connection      = utf8_general_ci */;
/*!50001 CREATE ALGORITHM=UNDEFINED */
/*!50013 DEFINER=`root`@`localhost` SQL SECURITY DEFINER */
/*!50001 VIEW `vlog_gestiones_clientes` AS select `p`.`DESCRIPCION_PERSONA` AS `cliente`,year(`g`.`FECHA_GESTION`) AS `anho`,month(`g`.`FECHA_GESTION`) AS `mes`,`g`.`FECHA_GESTION` AS `fecha`,`g`.`OBSERVACION` AS `observacion`,`g`.`CANTIDAD_GESTIONES` AS `cantidad_gestiones`,`ps`.`DESCRIPCION_PERSONA` AS `gestor` from ((((`log_gestiones` `g` join `adm_clientes` `c` on((`g`.`CODIGO_CLIENTE` = `c`.`CODIGO_CLIENTE`))) join `adm_personas` `p` on((`c`.`CODIGO_PERSONA` = `p`.`CODIGO_PERSONA`))) left join `log_gestores` `s` on((`g`.`CODIGO_GESTOR` = `s`.`CODIGO_GESTOR`))) left join `adm_personas` `ps` on((`s`.`CODIGO_PERSONA` = `ps`.`CODIGO_PERSONA`))) where (`g`.`ESTADO` in ('F','P')) order by `p`.`DESCRIPCION_PERSONA`,`g`.`FECHA_GESTION` */;
/*!50001 SET character_set_client      = @saved_cs_client */;
/*!50001 SET character_set_results     = @saved_cs_results */;
/*!50001 SET collation_connection      = @saved_col_connection */;

--
-- Final view structure for view `vlog_gestiones_gentileza`
--

/*!50001 DROP TABLE IF EXISTS `vlog_gestiones_gentileza`*/;
/*!50001 DROP VIEW IF EXISTS `vlog_gestiones_gentileza`*/;
/*!50001 SET @saved_cs_client          = @@character_set_client */;
/*!50001 SET @saved_cs_results         = @@character_set_results */;
/*!50001 SET @saved_col_connection     = @@collation_connection */;
/*!50001 SET character_set_client      = utf8 */;
/*!50001 SET character_set_results     = utf8 */;
/*!50001 SET collation_connection      = utf8_general_ci */;
/*!50001 CREATE ALGORITHM=UNDEFINED */
/*!50013 DEFINER=`root`@`localhost` SQL SECURITY DEFINER */
/*!50001 VIEW `vlog_gestiones_gentileza` AS select `g`.`CODIGO_CLIENTE` AS `codigo_cliente`,`p`.`DESCRIPCION_PERSONA` AS `CLIENTE`,`g`.`CANTIDAD_GESTIONES` AS `cantidad`,year(`g`.`FECHA_GESTION`) AS `anho`,month(`g`.`FECHA_GESTION`) AS `mes` from ((`log_gestiones` `g` join `adm_clientes` `c` on((`c`.`CODIGO_CLIENTE` = `g`.`CODIGO_CLIENTE`))) join `adm_personas` `p` on((`c`.`CODIGO_PERSONA` = `p`.`CODIGO_PERSONA`))) where ((`g`.`GENTILEZA` = 'S') and (`g`.`ESTADO` <> 'A')) */;
/*!50001 SET character_set_client      = @saved_cs_client */;
/*!50001 SET character_set_results     = @saved_cs_results */;
/*!50001 SET collation_connection      = @saved_col_connection */;

--
-- Final view structure for view `vlog_gestiones_gentileza_resum`
--

/*!50001 DROP TABLE IF EXISTS `vlog_gestiones_gentileza_resum`*/;
/*!50001 DROP VIEW IF EXISTS `vlog_gestiones_gentileza_resum`*/;
/*!50001 SET @saved_cs_client          = @@character_set_client */;
/*!50001 SET @saved_cs_results         = @@character_set_results */;
/*!50001 SET @saved_col_connection     = @@collation_connection */;
/*!50001 SET character_set_client      = utf8 */;
/*!50001 SET character_set_results     = utf8 */;
/*!50001 SET collation_connection      = utf8_general_ci */;
/*!50001 CREATE ALGORITHM=UNDEFINED */
/*!50013 DEFINER=`root`@`localhost` SQL SECURITY DEFINER */
/*!50001 VIEW `vlog_gestiones_gentileza_resum` AS select `vlog_gestiones_gentileza`.`CLIENTE` AS `CLIENTE`,sum(`vlog_gestiones_gentileza`.`cantidad`) AS `TOTAL`,`vlog_gestiones_gentileza`.`anho` AS `ANHO`,`vlog_gestiones_gentileza`.`mes` AS `MES` from `vlog_gestiones_gentileza` where 1 group by `vlog_gestiones_gentileza`.`codigo_cliente`,`vlog_gestiones_gentileza`.`anho`,`vlog_gestiones_gentileza`.`mes` */;
/*!50001 SET character_set_client      = @saved_cs_client */;
/*!50001 SET character_set_results     = @saved_cs_results */;
/*!50001 SET collation_connection      = @saved_col_connection */;

--
-- Final view structure for view `vlog_gestor_resum`
--

/*!50001 DROP TABLE IF EXISTS `vlog_gestor_resum`*/;
/*!50001 DROP VIEW IF EXISTS `vlog_gestor_resum`*/;
/*!50001 SET @saved_cs_client          = @@character_set_client */;
/*!50001 SET @saved_cs_results         = @@character_set_results */;
/*!50001 SET @saved_col_connection     = @@collation_connection */;
/*!50001 SET character_set_client      = utf8 */;
/*!50001 SET character_set_results     = utf8 */;
/*!50001 SET collation_connection      = utf8_general_ci */;
/*!50001 CREATE ALGORITHM=UNDEFINED */
/*!50013 DEFINER=`root`@`localhost` SQL SECURITY DEFINER */
/*!50001 VIEW `vlog_gestor_resum` AS select `vlog_gestiones_clientes`.`gestor` AS `GESTOR`,`vlog_gestiones_clientes`.`anho` AS `ANHO`,`vlog_gestiones_clientes`.`mes` AS `MES`,sum(`vlog_gestiones_clientes`.`cantidad_gestiones`) AS `TOTAL` from `vlog_gestiones_clientes` where 1 group by `vlog_gestiones_clientes`.`gestor`,`vlog_gestiones_clientes`.`anho`,`vlog_gestiones_clientes`.`mes` */;
/*!50001 SET character_set_client      = @saved_cs_client */;
/*!50001 SET character_set_results     = @saved_cs_results */;
/*!50001 SET collation_connection      = @saved_col_connection */;

--
-- Final view structure for view `vlog_saldos`
--

/*!50001 DROP TABLE IF EXISTS `vlog_saldos`*/;
/*!50001 DROP VIEW IF EXISTS `vlog_saldos`*/;
/*!50001 SET @saved_cs_client          = @@character_set_client */;
/*!50001 SET @saved_cs_results         = @@character_set_results */;
/*!50001 SET @saved_col_connection     = @@collation_connection */;
/*!50001 SET character_set_client      = utf8 */;
/*!50001 SET character_set_results     = utf8 */;
/*!50001 SET collation_connection      = utf8_general_ci */;
/*!50001 CREATE ALGORITHM=UNDEFINED */
/*!50013 DEFINER=`root`@`localhost` SQL SECURITY DEFINER */
/*!50001 VIEW `vlog_saldos` AS select `c`.`CODIGO_CLIENTE` AS `codigo_cliente`,`p`.`DESCRIPCION_PERSONA` AS `nombre`,sum(`s`.`CANTIDAD_SALDO`) AS `saldo` from ((((`log_saldo` `s` join `adm_clientes` `c`) join `adm_personas` `p`) join `adm_suscripciones` `u`) join `adm_planes` `l`) where ((`s`.`CODIGO_SUSCRIPCION` = `u`.`CODIGO_SUSCRIPCION`) and (`u`.`CODIGO_PLAN` = `l`.`CODIGO_PLAN`) and (`s`.`CODIGO_CLIENTE` = `c`.`CODIGO_CLIENTE`) and (`c`.`CODIGO_PERSONA` = `p`.`CODIGO_PERSONA`) and (`u`.`ESTADO_SUSCRIPCION` = 'A') and (`s`.`FECHA_SALDO_VTO` >= cast(now() as date))) group by `c`.`CODIGO_CLIENTE`,`p`.`DESCRIPCION_PERSONA` */;
/*!50001 SET character_set_client      = @saved_cs_client */;
/*!50001 SET character_set_results     = @saved_cs_results */;
/*!50001 SET collation_connection      = @saved_col_connection */;

--
-- Final view structure for view `vlog_saldos_planes`
--

/*!50001 DROP TABLE IF EXISTS `vlog_saldos_planes`*/;
/*!50001 DROP VIEW IF EXISTS `vlog_saldos_planes`*/;
/*!50001 SET @saved_cs_client          = @@character_set_client */;
/*!50001 SET @saved_cs_results         = @@character_set_results */;
/*!50001 SET @saved_col_connection     = @@collation_connection */;
/*!50001 SET character_set_client      = utf8 */;
/*!50001 SET character_set_results     = utf8 */;
/*!50001 SET collation_connection      = utf8_general_ci */;
/*!50001 CREATE ALGORITHM=UNDEFINED */
/*!50013 DEFINER=`root`@`localhost` SQL SECURITY DEFINER */
/*!50001 VIEW `vlog_saldos_planes` AS select `u`.`CODIGO_SUSCRIPCION` AS `codigo_suscripcion`,`c`.`CODIGO_CLIENTE` AS `codigo_cliente`,`p`.`DESCRIPCION_PERSONA` AS `nombre`,sum(`s`.`CANTIDAD_SALDO`) AS `saldo`,`l`.`DESCRIPCION_PLAN` AS `descripcion_plan` from ((((`log_saldo` `s` join `adm_clientes` `c`) join `adm_personas` `p`) join `adm_suscripciones` `u`) join `adm_planes` `l`) where ((`s`.`CODIGO_SUSCRIPCION` = `u`.`CODIGO_SUSCRIPCION`) and (`u`.`CODIGO_PLAN` = `l`.`CODIGO_PLAN`) and (`s`.`CODIGO_CLIENTE` = `c`.`CODIGO_CLIENTE`) and (`c`.`CODIGO_PERSONA` = `p`.`CODIGO_PERSONA`) and (`u`.`ESTADO_SUSCRIPCION` = 'A') and (`s`.`FECHA_SALDO_VTO` >= cast(now() as date))) group by `u`.`CODIGO_SUSCRIPCION`,`c`.`CODIGO_CLIENTE`,`p`.`DESCRIPCION_PERSONA`,`l`.`DESCRIPCION_PLAN` having (sum(`s`.`CANTIDAD_SALDO`) > 0) */;
/*!50001 SET character_set_client      = @saved_cs_client */;
/*!50001 SET character_set_results     = @saved_cs_results */;
/*!50001 SET collation_connection      = @saved_col_connection */;
/*!40103 SET TIME_ZONE=@OLD_TIME_ZONE */;

/*!40101 SET SQL_MODE=@OLD_SQL_MODE */;
/*!40014 SET FOREIGN_KEY_CHECKS=@OLD_FOREIGN_KEY_CHECKS */;
/*!40014 SET UNIQUE_CHECKS=@OLD_UNIQUE_CHECKS */;
/*!40101 SET CHARACTER_SET_CLIENT=@OLD_CHARACTER_SET_CLIENT */;
/*!40101 SET CHARACTER_SET_RESULTS=@OLD_CHARACTER_SET_RESULTS */;
/*!40101 SET COLLATION_CONNECTION=@OLD_COLLATION_CONNECTION */;
/*!40111 SET SQL_NOTES=@OLD_SQL_NOTES */;

-- Dump completed on 2014-12-19 22:00:12
